rank,word,score,doc_freq,corpus_freq
1,sap,1,1,9
2,ionos,0.972,1,11
3,schnellere,0.856,1,2
4,appsheet,0.696,1,8
5,infarm,0.629,1,14
6,grundlagen,0.625,1,2
7,vramca,0.55,1,5
8,webhosting,0.477,1,3
9,europäischen,0.477,1,3
10,instanzen,0.428,1,1
11,trainierst,0.428,1,1
12,datensicherheit,0.428,1,1
13,kundeninformationen,0.428,1,1
14,geteilten,0.428,1,1
15,throttling,0.428,1,1
16,warteschlangen,0.428,1,1
17,trainiere,0.428,1,1
18,abgesicherten,0.428,1,1
19,netzwerken,0.428,1,1
20,internetzugang,0.428,1,1
21,iteration,0.428,1,1
22,entwicklungszyklen,0.428,1,1
23,huggingface,0.425,2,3
24,scientists,0.403,1,1
25,engineers,0.403,1,1
26,forschern,0.403,1,1
27,transformers,0.403,1,1
28,gegensatz,0.403,1,1
29,forschungsumfeld,0.403,1,1
30,beschleunigung,0.403,1,1
31,checkpointing,0.403,1,1
32,trainingsmetriken,0.403,1,1
33,rank,0.399,2,18
34,tuning,0.394,4,26
35,contact,0.383,1,9
36,callcenter,0.383,1,7
37,sensible,0.38,1,1
38,stabilen,0.38,1,1
39,abhängig,0.38,1,1
40,nachteile,0.36,2,6
41,anpassen,0.358,1,1
42,basierte,0.358,1,1
43,konforme,0.358,1,1
44,matrizen,0.355,2,8
45,coach,0.347,1,2
46,datensätze,0.344,2,2
47,ehemaligen,0.333,1,1
48,ingenieuren,0.333,1,1
49,integriertes,0.333,1,1
50,softwaresystem,0.333,1,1
51,grundstein,0.333,1,1
52,generationen,0.333,1,1
53,durchbruch,0.333,1,1
54,kernproduktportfolio,0.333,1,1
55,beschaffungs,0.333,1,1
56,kundenerlebnislösungen,0.333,1,1
57,unternehmenssoftware,0.333,1,1
58,betrieben,0.333,1,1
59,marktstellung,0.333,1,1
60,mitarbeitern,0.333,1,1
61,wertvollsten,0.333,1,1
62,technologieunternehmen,0.333,1,1
63,konkurriert,0.333,1,1
64,salesforce,0.333,1,1
65,zahlreicher,0.333,1,1
66,öffentlicher,0.333,1,1
67,einrichtungen,0.333,1,1
68,nachhaltigkeitslösungen,0.333,1,1
69,transparenz,0.333,1,1
70,innovationsführer,0.333,1,1
71,intelligenter,0.333,1,1
72,datengestützter,0.333,1,1
73,unternehmenslösungen,0.333,1,1
74,datenschutz,0.333,1,2
75,rechner,0.333,1,1
76,langsamer,0.33,1,2
77,vorteile,0.318,2,6
78,montabaur,0.318,1,2
79,europäische,0.318,1,2
80,farmen,0.315,1,7
81,nativer,0.314,1,1
82,gängige,0.314,1,1
83,pytorch,0.314,1,1
84,idealen,0.314,1,1
85,privatsphäre,0.312,1,1
86,interaktiven,0.312,1,1
87,versioning,0.312,1,1
88,versionierung,0.312,1,1
89,kompletter,0.312,1,1
90,accelerated,0.312,1,1
91,blitzschnelles,0.312,1,1
92,compliant,0.312,1,1
93,telemetrie,0.312,1,1
94,datenübertragung,0.312,1,1
95,registriere,0.312,1,1
96,datensatz,0.312,1,1
97,konfiguriere,0.312,1,1
98,beobachte,0.312,1,1
99,fortschritt,0.312,1,1
100,ultimative,0.312,1,1
101,fortgeschrittenen,0.312,1,1
102,techniken,0.312,1,1
103,underfitting,0.312,1,1
104,languagetool,0.309,2,17
105,sagemaker,0.305,2,3
106,paperspace,0.305,2,3
107,agent,0.304,1,10
108,pflanzen,0.3,1,5
109,milliarden,0.299,2,6
110,späteren,0.296,1,1
111,globalen,0.296,1,1
112,brachten,0.296,1,1
113,personal,0.296,1,1
114,analytik,0.296,1,1
115,rückgrat,0.296,1,1
116,konzerne,0.296,1,1
117,aktuelle,0.296,1,1
118,tracking,0.296,1,1
119,hosted,0.294,1,10
120,cuda,0.287,2,8
121,zahlst,0.285,1,1
122,reisen,0.285,1,1
123,mittlere,0.283,1,2
124,verfolge,0.278,1,1
125,metriken,0.278,1,1
126,historie,0.278,1,1
127,register,0.278,1,1
128,lade,0.278,1,2
129,herunter,0.278,1,1
130,loss,0.278,1,2
131,coaching,0.278,1,1
132,internet,0.274,2,3
133,übersetzungen,0.274,1,5
134,maximale,0.272,2,2
135,positioniert,0.27,2,3
136,kannst,0.269,1,1
137,tausende,0.263,2,2
138,infarms,0.262,1,5
139,framespell,0.261,4,36
140,führend,0.259,1,1
141,network,0.259,1,1
142,partner,0.259,1,1
143,ländern,0.259,1,1
144,unternehmensdaten,0.257,3,4
145,batches,0.257,1,2
146,unified,0.257,1,2
147,lokales,0.256,3,7
148,fine,0.252,4,25
149,lora,0.248,6,51
150,domains,0.247,1,2
151,proprietäre,0.246,2,2
152,experimente,0.246,2,2
153,deepl,0.245,1,10
154,tensorflow,0.244,1,5
155,apple,0.244,2,5
156,kämpfst,0.243,1,1
157,mastery,0.243,1,1
158,qlora,0.241,4,19
159,erstellen,0.235,4,22
160,hunspell,0.235,1,6
161,adapter,0.233,2,6
162,frametrain,0.229,6,11
163,verlassen,0.225,4,5
164,1990er,0.222,1,1
165,erp,0.222,1,2
166,finanz,0.222,1,1
167,firmen,0.222,1,1
168,oracle,0.222,1,1
169,llama,0.222,2,8
170,breite,0.22,1,2
171,beispeil,0.218,4,18
172,datasets,0.217,1,5
173,kapazität,0.214,3,5
174,kontrolle,0.214,4,5
175,deutschland,0.213,2,4
176,umgebungen,0.21,2,3
177,stunde,0.21,2,3
178,charts,0.208,1,1
179,period,0.208,1,1
180,spikes,0.208,1,1
181,kurven,0.208,1,1
182,detail,0.208,1,1
183,künstliche,0.205,2,2
184,learning,0.204,3,12
185,deinen,0.204,2,2
186,dienstleistungen,0.204,2,2
187,ausrichtung,0.204,2,2
188,overfitting,0.204,3,4
189,vortrainierte,0.203,3,5
190,biofeedback,0.202,1,3
191,nvidia,0.202,2,3
192,translation,0.202,2,9
193,rechenzentren,0.201,3,8
194,innovators,0.2,1,5
195,adaptation,0.2,2,4
196,parametern,0.2,2,4
197,aktualisieren,0.2,2,4
198,basismodell,0.2,2,4
199,domänenspezifische,0.2,2,4
200,schichten,0.2,2,4
201,kubernetes,0.198,2,9
202,lieferketten,0.198,3,5
203,unabhängig,0.196,1,2
204,fähigkeiten,0.196,1,2
205,standortbestimmung,0.196,1,2
206,bestandsverwaltung,0.196,1,2
207,grundlage,0.196,1,2
208,ausgeführt,0.196,1,4
209,geeignet,0.195,4,12
210,modelle,0.193,7,27
211,automl,0.192,2,14
212,bist,0.19,1,1
213,überschreitung,0.19,2,4
214,string,0.19,3,15
215,deiner,0.187,4,6
216,document,0.186,3,17
217,legte,0.185,1,1
218,4hana,0.185,1,1
219,computer,0.184,2,2
220,typisch,0.183,3,9
221,standardmäßig,0.183,2,2
222,agents,0.183,1,5
223,hast,0.179,1,1
224,corrected,0.179,6,42
225,monitoring,0.178,3,3
226,konformität,0.177,3,3
227,vram,0.177,4,19
228,latenz,0.177,2,14
229,spellcheck,0.176,3,18
230,return,0.174,2,16
231,local,0.174,1,1
232,smart,0.174,1,1
233,nutze,0.174,1,1
234,zahle,0.174,1,1
235,wähle,0.174,1,1
236,fixen,0.174,1,1
237,000ms,0.171,1,7
238,colab,0.169,2,3
239,metal,0.169,2,3
240,einmalig,0.168,4,5
241,rtx,0.168,4,21
242,vergleichguide,0.167,1,1
243,kostenvergleich,0.167,1,1
244,intensive,0.167,1,1
245,summieren,0.167,1,1
246,einmaliger,0.167,1,1
247,stromkosten,0.167,1,1
248,funktionsvergleich,0.167,1,1
249,trainingsstart,0.167,1,1
250,problematisch,0.167,1,1
251,kundenproblematik,0.167,1,1
252,kundendaten,0.167,1,1
253,explizite,0.167,1,1
254,einwilligung,0.167,1,1
255,übertragen,0.167,1,1
256,patientendaten,0.167,1,1
257,unterliegen,0.167,1,1
258,besonderen,0.167,1,1
259,schutzanforderungen,0.167,1,1
260,ausschließen,0.167,1,1
261,betriebsgeheimnisse,0.167,1,1
262,forschungsdaten,0.167,1,1
263,veröffentlichte,0.167,1,1
264,forschungsergebnisse,0.167,1,1
265,unbeabsichtigt,0.167,1,1
266,horizontale,0.167,1,1
267,trainingsaufwand,0.167,1,1
268,dieselben,0.167,1,1
269,alpha,0.166,2,6
270,cloudbasierte,0.166,2,2
271,investiert,0.166,2,2
272,kostenloser,0.166,2,3
273,hardwarekaufberatung,0.165,1,1
274,günstigen,0.165,1,1
275,kurzfassung,0.165,1,1
276,faustregeln,0.165,1,1
277,schnellste,0.165,1,1
278,stromverbrauch,0.165,1,1
279,iterationszyklen,0.165,1,1
280,leistungsaufnahme,0.165,1,1
281,klassifikation,0.165,1,1
282,leistungs,0.165,1,1
283,verhältnis,0.165,1,1
284,kompatibilität,0.165,1,1
285,architektur,0.165,1,1
286,bandbreite,0.165,1,1
287,äquivalente,0.165,1,1
288,einsteiger,0.165,1,1
289,günstigster,0.165,1,1
290,klassifikations,0.165,1,1
291,kompatibel,0.165,1,1
292,hardware,0.165,5,8
293,investitionen,0.164,1,3
294,vendor,0.164,2,2
295,upload,0.164,2,2
296,labels,0.163,1,5
297,cache,0.162,1,7
298,machine,0.161,3,10
299,automatische,0.161,2,3
300,technology,0.161,2,2
301,aufwand,0.16,2,2
302,instanz,0.16,2,2
303,erleichtern,0.16,1,4
304,definieren,0.16,1,4
305,eigentlich,0.159,1,1
306,deutscher,0.159,1,1
307,internetdienstanbieter,0.159,1,1
308,computing,0.159,1,1
309,europäischer,0.159,1,1
310,hyperscalern,0.159,1,1
311,rechtsform,0.159,1,1
312,rheinland,0.159,1,1
313,pionieren,0.159,1,1
314,webhostings,0.159,1,1
315,zusammenschlüsse,0.159,1,1
316,spezialisten,0.159,1,1
317,profitbricks,0.159,1,1
318,geschaffen,0.159,1,1
319,historisch,0.159,1,1
320,karlsruhe,0.159,1,1
321,expandierte,0.159,1,1
322,anschließend,0.159,1,1
323,großbritannien,0.159,1,1
324,frankreich,0.159,1,1
325,nordamerika,0.159,1,1
326,privatkundschaft,0.159,1,1
327,kmu,0.159,1,3
328,klassisches,0.159,1,1
329,dedizierte,0.159,1,1
330,domainregistrierung,0.159,1,1
331,groupware,0.159,1,1
332,baukasten,0.159,1,1
333,textgenerator,0.159,1,1
334,assistent,0.159,1,1
335,newsletter,0.159,1,1
336,marktposition,0.159,1,1
337,digitalpartner,0.159,1,1
338,datensouveränität,0.159,1,1
339,überwiegend,0.159,1,1
340,kernkundschaft,0.159,1,1
341,deutschsprachigen,0.159,1,1
342,anbietern,0.159,1,1
343,eingeordnet,0.159,1,1
344,digitalisierungsgrad,0.159,1,1
345,cybersicherheit,0.159,1,1
346,untersucht,0.159,1,1
347,engagiert,0.159,1,1
348,infrastrukturprojekten,0.159,1,1
349,souveränen,0.159,1,1
350,ökologisch,0.159,1,1
351,erneuerbare,0.159,1,1
352,britischen,0.159,1,1
353,klimastrategie,0.159,1,1
354,emissionsreduktion,0.159,1,1
355,energieeffizienten,0.159,1,1
356,worcester,0.159,1,1
357,vorlagen,0.159,2,5
358,modellen,0.159,3,6
359,europas,0.158,2,2
360,center,0.155,2,10
361,einschließlich,0.154,2,2
362,investition,0.154,2,3
363,tippfehler,0.153,1,4
364,produktdaten,0.153,1,4
365,empfohlen,0.153,1,4
366,datenqualität,0.153,1,4
367,bereinigen,0.153,1,4
368,abhängigkeit,0.151,3,3
369,laufenden,0.149,3,3
370,ehrliche,0.148,1,1
371,hingegen,0.148,1,1
372,a100,0.148,1,2
373,gradient,0.148,1,1
374,laufende,0.148,1,1
375,anderswo,0.148,1,1
376,schlicht,0.148,1,1
377,trainiert,0.148,3,7
378,deine,0.148,5,8
379,dataset,0.148,2,4
380,transformer,0.147,2,2
381,korrektur,0.147,2,9
382,besten,0.147,1,5
383,teuerste,0.147,1,1
384,moderate,0.147,1,1
385,inferenz,0.147,1,1
386,creative,0.147,1,1
387,größeren,0.147,1,1
388,verschiedene,0.147,1,3
389,benutzerdefiniertes,0.147,1,3
390,unterstützt,0.146,3,3
391,dennison,0.146,1,3
392,konfiguration,0.146,2,2
393,services,0.145,3,8
394,lösungen,0.145,5,7
395,full,0.143,3,11
396,sitz,0.141,1,2
397,societas,0.141,1,1
398,europaea,0.141,1,1
399,rund,0.141,1,2
400,früheren,0.141,1,1
401,auftritt,0.141,1,1
402,verfolgt,0.141,1,1
403,text,0.141,7,78
404,fachbereich,0.141,1,2
405,kontaktieren,0.141,1,2
406,gewechselt,0.141,1,2
407,request,0.14,5,20
408,volle,0.14,3,4
409,ihr_api_key,0.14,2,3
410,echtzeit,0.14,2,2
411,anforderungen,0.139,2,4
412,throw,0.139,1,6
413,functions,0.138,2,7
414,desktop,0.138,3,3
415,premium,0.137,1,4
416,campaign,0.136,1,4
417,success,0.136,5,24
418,language,0.135,6,27
419,pflanzenwachstum,0.135,1,2
420,ressourcenaufwand,0.135,1,2
421,realisiert,0.135,1,2
422,lebensmittel,0.135,1,2
423,temperatur,0.135,1,2
424,gesteuert,0.135,1,2
425,garantiert,0.135,1,2
426,einzelnen,0.135,1,2
427,hochwertigere,0.135,1,2
428,looker,0.135,1,3
429,datenmengen,0.135,1,2
430,gegründet,0.135,3,4
431,const,0.134,4,32
432,europa,0.134,2,3
433,bit,0.133,2,8
434,module,0.133,2,4
435,framespell_api_key,0.133,4,14
436,datensätzen,0.132,5,9
437,grammatik,0.132,1,3
438,key,0.132,5,46
439,starte,0.132,2,2
440,dein,0.132,2,2
441,entwickler,0.131,4,19
442,habe,0.13,1,6
443,versehen,0.13,1,3
444,hyperparameter,0.13,3,3
445,umfasst,0.13,2,2
446,angebot,0.13,2,2
447,storage,0.13,2,6
448,illegal,0.13,1,1
449,externe,0.13,1,1
450,niedrig,0.13,1,1
451,warten,0.13,2,2
452,direkter,0.129,2,2
453,json,0.129,6,57
454,commerce,0.129,2,6
455,findest,0.128,1,1
456,größere,0.128,1,1
457,günstig,0.128,1,1
458,perfekt,0.128,1,1
459,silicon,0.128,1,1
460,entwickeln,0.127,3,6
461,install,0.127,2,3
462,training,0.127,9,21
463,offline,0.127,3,4
464,wollten,0.125,2,2
465,konzern,0.124,1,1
466,märkten,0.124,1,1
467,breites,0.124,1,1
468,compute,0.124,1,1
469,builder,0.124,1,1
470,segment,0.124,1,1
471,angaben,0.124,1,1
472,error,0.122,4,25
473,automatisches,0.122,3,3
474,modell,0.121,7,40
475,status,0.121,3,8
476,ausführlich,0.121,1,1
477,microsoft,0.121,6,7
478,trainingguide,0.12,1,1
479,unternehmens,0.12,1,3
480,geringem,0.12,1,2
481,director,0.12,1,2
482,greening,0.12,1,2
483,bigquery,0.12,1,2
484,sichtbar,0.12,1,2
485,function,0.119,2,8
486,website,0.118,2,3
487,beschreibung,0.118,3,5
488,profil,0.117,1,4
489,niedrige,0.117,1,3
490,digitalen,0.117,3,3
491,curl,0.117,3,11
492,managed,0.117,2,3
493,axios,0.115,1,5
494,gerät,0.115,3,3
495,studien,0.115,2,3
496,produktbeschreibungen,0.115,1,3
497,debouncetimer,0.115,1,3
498,bereinigung,0.115,1,3
499,retrieval,0.115,1,3
500,user_input,0.115,1,3
501,corrwords,0.115,1,3
502,bildern,0.114,1,3
503,tabelle,0.114,1,3
504,interface,0.114,2,6
505,skalierung,0.114,3,5
506,marketing,0.113,2,4
507,zählt,0.113,2,2
508,genauigkeit,0.113,2,5
509,processing_time,0.113,4,10
510,tokens_used,0.113,4,10
511,verfügung,0.112,2,6
512,insbesondere,0.111,2,3
513,mitarbeiter,0.111,2,3
514,ibm,0.111,1,1
515,xlarge,0.111,1,1
516,lambda,0.111,1,1
517,fremde,0.111,1,1
518,dürfen,0.111,1,1
519,settings,0.111,1,3
520,transformation,0.111,3,3
521,gerade,0.11,1,1
522,meiste,0.11,1,1
523,teurer,0.11,1,1
524,mps,0.11,1,2
525,manche,0.11,1,1
526,studio,0.11,1,1
527,geschäftsergebnisse,0.11,1,2
528,einführung,0.11,1,2
529,inzwischen,0.11,1,2
530,allgemein,0.11,1,2
531,vorhandenen,0.11,1,2
532,angekündigt,0.11,1,2
533,übersetzung,0.11,1,2
534,workbench,0.11,1,2
535,minimal,0.109,1,2
536,lock,0.109,2,2
537,openai,0.109,3,16
538,schritten,0.109,1,1
539,erfassung,0.109,2,3
540,experimentieren,0.109,2,2
541,google,0.108,9,62
542,innen,0.107,4,29
543,technologien,0.107,2,5
544,darauf,0.107,1,4
545,champion,0.107,1,3
546,unternehmen,0.107,9,32
547,unterstützen,0.107,3,10
548,unsere,0.106,3,14
549,gehört,0.106,1,1
550,united,0.106,1,1
551,fakten,0.106,1,1
552,hervor,0.106,1,1
553,1980er,0.106,1,1
554,object,0.106,1,1
555,office,0.106,1,1
556,online,0.106,1,1
557,betont,0.106,1,1
558,amazon,0.106,1,1
559,community,0.105,3,9
560,workflows,0.105,5,8
561,content,0.105,5,18
562,pflanze,0.105,1,2
563,sammeln,0.105,1,2
564,sammelt,0.105,1,2
565,anwendungen,0.105,6,24
566,integriert,0.104,4,5
567,retry_after,0.104,4,8
568,ressourcen,0.104,5,8
569,response,0.103,6,21
570,gespeichert,0.103,2,4
571,bilden,0.103,2,2
572,console,0.103,3,10
573,höchste,0.103,1,3
574,platform,0.103,3,4
575,headers,0.103,4,14
576,ergänzen,0.103,2,4
577,javascript,0.103,6,19
578,13b,0.102,3,9
579,textarea,0.102,1,3
580,products,0.102,1,3
581,eigenen,0.102,5,8
582,weiteren,0.101,2,2
583,trainieren,0.101,6,11
584,result,0.1,4,17
585,vision,0.1,3,6
586,artikel,0.1,2,5
587,model,0.1,3,3
588,sprachmodelle,0.1,2,2
589,sprachmodells,0.1,2,2
590,gewichtsveränderungen,0.1,2,2
591,mathematisch,0.1,2,2
592,niedrigem,0.1,2,2
593,approximieren,0.1,2,2
594,wesentlich,0.1,2,2
595,ursprüngliche,0.1,2,2
596,anpassungsqualität,0.1,2,2
597,anpassung,0.1,2,2
598,modellparameter,0.1,2,2
599,aktualisiert,0.1,2,2
600,resultate,0.1,2,2
601,domänenanpassung,0.1,2,2
602,fachsprache,0.1,2,2
603,faustformel,0.1,2,2
604,praktischen,0.1,2,2
605,klassifikatoren,0.1,2,2
606,domänenspezifischen,0.1,2,2
607,entsprechender,0.1,2,2
608,quantized,0.1,2,2
609,kombiniert,0.1,2,2
610,basismodells,0.1,2,2
611,präzision,0.1,2,2
612,speicherbedarf,0.1,2,2
613,trainierbar,0.1,2,2
614,komplexere,0.1,2,2
615,domänenadaption,0.1,2,2
616,skalierungsfaktor,0.1,2,2
617,aggressivere,0.1,2,2
618,target_modules,0.1,2,2
619,adaptiert,0.1,2,2
620,projektionen,0.1,2,2
621,lora_dropout,0.1,2,2
622,konfigurierbar,0.1,2,2
623,intuitiven,0.1,2,2
624,codezeile,0.1,2,2
625,low,0.1,2,6
626,plattform,0.099,4,6
627,funktionen,0.099,2,3
628,felern,0.098,3,8
629,abgerechnet,0.098,2,2
630,vorhanden,0.098,2,2
631,ursprünglich,0.098,1,1
632,veröffentlicht,0.098,1,1
633,auseinandersetzt,0.098,1,1
634,veranstaltungsorganisation,0.098,1,1
635,wichtigster,0.098,1,1
636,vorkenntnisse,0.098,1,1
637,einfachsten,0.098,1,1
638,investieren,0.098,1,1
639,kompetenzen,0.098,1,1
640,beliebtesten,0.098,1,1
641,zusammengestellt,0.098,1,1
642,vorschläge,0.098,1,1
643,aufwenden,0.098,1,1
644,aufgabenaktualisierungen,0.098,1,1
645,festlegen,0.098,1,1
646,nutzerinnen,0.098,1,1
647,voranzubringen,0.098,1,1
648,lieferungen,0.098,1,1
649,rechtzeitig,0.098,1,1
650,automatisierungs,0.098,1,1
651,genannten,0.098,1,1
652,wertvolle,0.098,1,1
653,anderweitig,0.098,1,1
654,sequential,0.098,1,1
655,workflowfunktionalität,0.098,1,1
656,ausgiebig,0.098,1,1
657,weitergehende,0.098,1,1
658,anpassungen,0.098,1,1
659,vornehmen,0.098,1,1
660,verkaufsmanagement,0.098,1,1
661,vertriebstracking,0.098,1,1
662,vertriebsfachleute,0.098,1,1
663,unterwegs,0.098,1,1
664,vielseitigkeit,0.098,1,1
665,grundlegende,0.098,1,1
666,arbeitsumgebung,0.098,1,1
667,unternehmensgröße,0.098,1,1
668,verfolgen,0.098,1,1
669,felddaten,0.098,1,1
670,onlineshops,0.098,1,1
671,bestandsaufnahme,0.098,1,1
672,umfassende,0.098,1,1
673,anleitung,0.098,1,1
674,konzepten,0.098,1,1
675,kenntnisse,0.098,1,1
676,feedbacks,0.098,1,1
677,betrachten,0.098,1,1
678,sichtweise,0.098,1,1
679,umfragevorlagen,0.098,1,1
680,angestellte,0.098,1,1
681,interessant,0.098,1,1
682,diejenigen,0.098,1,1
683,organisieren,0.098,1,1
684,einzuhalten,0.098,1,1
685,einzuteilen,0.098,1,1
686,möglichkeiten,0.098,1,1
687,inspiration,0.098,1,1
688,entwicklern,0.098,1,1
689,austauschen,0.098,1,1
690,rechtschreibkorrektur,0.098,4,10
691,videos,0.098,1,3
692,kaggle,0.098,1,3
693,gestützten,0.098,1,2
694,intelligence,0.098,1,2
695,vortrainiertes,0.098,1,2
696,vorhersagen,0.098,1,2
697,architekturen,0.098,1,2
698,ausgelöst,0.098,1,2
699,anwendungsfall,0.098,3,4
700,hintergrund,0.097,2,3
701,aufgrund,0.097,1,2
702,research,0.097,1,2
703,sinnvoll,0.097,2,2
704,unbegrenzt,0.097,5,6
705,results,0.097,1,3
706,logging,0.097,1,3
707,zugänglich,0.097,2,2
708,erkennen,0.097,2,5
709,dokumenten,0.096,3,8
710,besonders,0.096,3,6
711,unterstützung,0.096,2,2
712,verstehen,0.096,3,3
713,cloudflare,0.096,3,7
714,instruktions,0.095,3,3
715,quantisierung,0.095,3,3
716,authentifizierung,0.095,2,2
717,übermittelt,0.095,2,2
718,fs_live_xxxxxxxxxxxxxxxxxxxxxxxxxxxxxxxx,0.095,2,2
719,endpunkte,0.095,2,2
720,eingereicht,0.095,2,2
721,zusatzkosten,0.095,2,2
722,individuell,0.095,2,2
723,verhandelt,0.095,2,2
724,unterstützte,0.095,2,2
725,französisch,0.095,2,2
726,codebeispiele,0.095,2,2
727,await,0.094,4,20
728,forschung,0.094,3,3
729,requests,0.094,6,21
730,zunehmend,0.094,2,2
731,hosting,0.094,2,6
732,a6000,0.093,1,1
733,einfaches,0.093,2,4
734,empfehlen,0.093,2,4
735,bedeutung,0.092,4,4
736,application,0.092,6,15
737,minuten,0.092,3,9
738,ratio,0.092,1,1
739,gutes,0.092,1,1
740,kerne,0.092,1,1
741,leise,0.092,1,1
742,macos,0.092,1,1
743,generieren,0.092,5,10
744,flexibilität,0.092,2,2
745,einmal,0.092,3,7
746,avery,0.091,1,3
747,libeo,0.091,1,3
748,aws,0.091,3,4
749,bereich,0.091,3,3
750,effizient,0.091,5,5
751,environment,0.09,2,4
752,wasser,0.09,1,2
753,dünger,0.09,1,2
754,verwendet,0.09,2,4
755,registrieren,0.089,3,4
756,hochgeladen,0.089,2,2
757,medizinische,0.089,2,2
758,zugreifen,0.089,2,2
759,futures,0.089,1,3
760,subject,0.089,1,3
761,bereitstellen,0.089,2,5
762,solltest,0.089,2,2
763,gleicher,0.089,2,2
764,besserer,0.089,2,2
765,nochmals,0.089,2,2
766,aufgaben,0.089,2,2
767,gewichte,0.089,2,2
768,mitarbeitende,0.088,2,2
769,pfalz,0.088,1,1
770,marke,0.088,1,1
771,baute,0.088,1,1
772,markt,0.088,1,1
773,experience,0.088,1,2
774,universell,0.088,1,2
775,komplexität,0.088,1,2
776,einfachste,0.088,1,2
777,redaktionelle,0.088,1,2
778,regelbasierte,0.088,1,2
779,detaillierte,0.088,1,2
780,textlänge,0.088,1,2
781,günstiger,0.088,1,2
782,energien,0.088,2,3
783,performance,0.088,3,3
784,datenkontrolle,0.087,2,2
785,professional,0.087,3,4
786,kreative,0.087,1,1
787,pandemie,0.087,1,1
788,ausbauen,0.087,1,1
789,maps,0.087,1,2
790,erfolgen,0.087,1,1
791,passende,0.087,1,1
792,aussehen,0.087,1,1
793,flexibel,0.087,1,1
794,elemente,0.087,1,1
795,inventar,0.087,1,1
796,hausrats,0.087,1,1
797,tutorial,0.087,1,1
798,zweitens,0.087,1,1
799,beliebte,0.087,1,1
800,manchmal,0.087,1,2
801,tabellen,0.087,1,2
802,dokument,0.087,1,2
803,robinson,0.087,1,2
804,wörter,0.087,3,10
805,möchten,0.087,4,11
806,alternative,0.087,3,3
807,empfehlung,0.087,2,2
808,kriterium,0.087,2,2
809,workloads,0.086,2,2
810,digital,0.085,1,2
811,officer,0.085,1,2
812,keybank,0.085,1,2
813,consumer,0.085,3,3
814,problemlos,0.085,2,2
815,ökosystem,0.085,2,2
816,anlegen,0.085,1,1
817,einmalige,0.085,2,2
818,herausforderungen,0.085,2,4
819,gültigen,0.085,2,2
820,feld,0.085,2,4
821,spanisch,0.085,2,2
822,versteht,0.084,2,2
823,rechenzentrum,0.084,2,2
824,spezialisiert,0.084,2,2
825,geschichte,0.084,2,2
826,betrieb,0.084,4,4
827,unseren,0.084,3,9
828,kunden,0.084,5,10
829,features,0.084,3,5
830,vollständig,0.083,5,7
831,baustein,0.083,2,2
832,quellcode,0.083,1,2
833,installation,0.083,1,2
834,empfiehlt,0.083,1,2
835,concurrency,0.083,1,2
836,batchspellcheck,0.083,1,2
837,spellcheckrequest,0.083,1,2
838,spellcheckdata,0.083,1,2
839,spellcheckresponse,0.083,1,2
840,spellcheckerror,0.083,1,2
841,apiresponse,0.083,1,2
842,nextrequest,0.083,1,2
843,nextresponse,0.083,1,2
844,header,0.083,3,5
845,train,0.083,2,2
846,async,0.083,2,9
847,führenden,0.082,2,2
848,initiativen,0.082,2,2
849,deutsch,0.082,3,7
850,sicherheit,0.082,3,5
851,preis,0.082,3,6
852,optimieren,0.082,3,5
853,retry,0.082,4,12
854,budget,0.082,2,4
855,ermöglicht,0.082,5,5
856,regelmäßig,0.082,2,2
857,personen,0.081,2,2
858,ausprobieren,0.081,2,3
859,erhalten,0.081,3,8
860,integration,0.081,8,17
861,arbeiten,0.08,2,4
862,überzeugt,0.08,1,2
863,gemeinsam,0.08,1,2
864,innovationen,0.08,1,2
865,autopilot,0.08,1,2
866,entwicklungsumgebung,0.08,1,2
867,bereitstellung,0.08,1,2
868,lieferkette,0.08,1,2
869,mitglieder,0.08,1,2
870,supply,0.08,1,3
871,verbesserung,0.08,1,2
872,möglichen,0.08,1,2
873,nachhaltigen,0.08,1,2
874,erneuerbaren,0.08,1,2
875,nachhaltiger,0.08,1,2
876,gestalten,0.08,1,2
877,enterprise,0.08,6,16
878,api,0.08,9,103
879,erreichen,0.08,3,6
880,einsetzen,0.08,3,3
881,hunderte,0.079,2,2
882,zugriff,0.079,5,6
883,prozesse,0.079,4,5
884,schnelle,0.079,3,3
885,schnell,0.078,3,6
886,nlp,0.078,2,2
887,optionen,0.078,1,2
888,stil,0.078,1,4
889,deutsche,0.078,1,2
890,overhead,0.078,1,2
891,gpus,0.078,4,8
892,import,0.078,5,10
893,methode,0.078,2,2
894,prinzip,0.078,2,2
895,machbar,0.078,2,2
896,tiefere,0.078,2,2
897,massive,0.078,2,2
898,geladen,0.078,2,2
899,mistral,0.078,2,2
900,höherer,0.078,2,2
901,höheres,0.078,2,2
902,updates,0.078,2,2
903,dropout,0.078,2,2
904,resp,0.077,4,21
905,gpu,0.077,7,17
906,anfragen,0.077,6,16
907,benötigt,0.077,5,7
908,cloudflares,0.076,2,3
909,dauerhaft,0.076,2,3
910,tippfehlern,0.076,1,2
911,sprachlern,0.076,1,2
912,ausreichend,0.076,1,2
913,veröffentlichen,0.076,1,2
914,typischer,0.076,1,2
915,redakteur,0.076,1,2
916,wordpress,0.076,1,2
917,articlebody,0.076,1,2
918,queryselector,0.076,1,2
919,hervorheben,0.076,1,2
920,spell_url,0.076,1,2
921,spell_key,0.076,1,2
922,preprocess_prompt,0.076,1,2
923,user_prompt,0.076,1,2
924,clean_prompt,0.076,1,2
925,bewertungen,0.076,1,2
926,conversion,0.076,1,2
927,threadpoolexecutor,0.076,1,2
928,as_completed,0.076,1,2
929,correct_product,0.076,1,2
930,sofortiges,0.076,1,2
931,checkstudentanswer,0.076,1,2
932,origwords,0.076,1,2
933,preheader,0.076,1,2
934,haserrors,0.076,1,2
935,produktkataloge,0.076,1,2
936,korrekturarbeit,0.076,1,2
937,fields,0.076,1,3
938,infrastruktur,0.076,6,7
939,limits,0.076,5,8
940,keyword,0.076,1,1
941,erstens,0.076,1,1
942,ehrlich,0.076,1,1
943,gelingt,0.076,1,1
944,natural,0.076,1,2
945,dadurch,0.076,1,2
946,diensten,0.076,2,2
947,beitrag,0.076,2,3
948,verarbeitet,0.075,2,3
949,ausschließlich,0.075,2,3
950,handling,0.075,2,3
951,anbau,0.075,1,2
952,weltweit,0.075,4,5
953,assistenten,0.075,3,4
954,inklusive,0.074,2,3
955,dashboard,0.074,5,9
956,typescript,0.074,3,5
957,einstieg,0.074,4,7
958,pipeline,0.074,2,5
959,vergleichen,0.074,4,5
960,100h,0.074,1,1
961,40gb,0.074,1,1
962,g4dn,0.074,1,1
963,200w,0.074,1,1
964,bdsg,0.074,1,1
965,sinn,0.074,1,1
966,niemals,0.074,7,8
967,feinabgestimmt,0.074,2,3
968,automatisch,0.074,2,3
969,verwalten,0.074,2,3
970,notwendigen,0.074,2,3
971,400ms,0.073,1,3
972,450w,0.073,1,1
973,gute,0.073,1,1
974,12gb,0.073,1,1
975,anfrage,0.073,4,7
976,kundinnen,0.073,3,5
977,helfen,0.073,1,2
978,self,0.073,3,15
979,monat,0.073,3,12
980,nachhaltiges,0.072,2,3
981,nachhaltigkeitsziele,0.072,2,3
982,http,0.072,4,13
983,parameter,0.072,9,17
984,kosten,0.072,8,19
985,feedback,0.072,3,7
986,können,0.071,10,69
987,arbeit,0.071,2,5
988,einzigen,0.071,1,2
989,sicherer,0.071,1,2
990,neuesten,0.071,1,2
991,programm,0.071,1,2
992,unserer,0.071,3,8
993,iaas,0.071,1,1
994,gaia,0.071,1,1
995,antwortet,0.071,3,3
996,gestützte,0.07,1,1
997,integrationen,0.07,1,1
998,klassische,0.07,1,1
999,grammatikregeln,0.07,1,1
1000,scheitern,0.07,1,1
1001,kontextfehlern,0.07,1,1
1002,geschrieben,0.07,1,1
1003,präposition,0.07,1,1
1004,satzzusammenhang,0.07,1,1
1005,semantischen,0.07,1,1
1006,positives,0.07,1,1
1007,zusammengesetzten,0.07,1,1
1008,idiomatischen,0.07,1,1
1009,ausdrücken,0.07,1,1
1010,fachbegriffe,0.07,1,1
1011,standardtexten,0.07,1,1
1012,umgangssprachlichen,0.07,1,1
1013,fachbegriffen,0.07,1,1
1014,abweichen,0.07,1,1
1015,weiterentwickelt,0.07,1,1
1016,geografisch,0.07,1,1
1017,nächstgelegenen,0.07,1,1
1018,separates,0.07,1,1
1019,ablaufdatum,0.07,1,1
1020,nutzungsstatistiken,0.07,1,1
1021,prioritäts,0.07,1,1
1022,monatliche,0.07,1,1
1023,unbegrenzte,0.07,1,1
1024,definierten,0.07,1,1
1025,reaktionszeiten,0.07,1,1
1026,dedizierter,0.07,1,1
1027,rechnungsstellung,0.07,1,1
1028,überweisung,0.07,1,1
1029,individuelles,0.07,1,1
1030,monatlich,0.07,1,1
1031,gekündigt,0.07,1,1
1032,kleingedrucktes,0.07,1,1
1033,kündigung,0.07,1,1
1034,bezahlten,0.07,1,1
1035,zeitraums,0.07,1,1
1036,gebuchten,0.07,1,1
1037,your_api_key,0.07,1,1
1038,anmeldung,0.07,1,1
1039,menüpunkt,0.07,1,1
1040,öffentlich,0.07,1,1
1041,anfragenlimit,0.07,1,1
1042,implementieren,0.07,1,1
1043,handhaben,0.07,1,1
1044,aufzuteilen,0.07,1,1
1045,abzufeuern,0.07,1,1
1046,individuelle,0.07,1,1
1047,offizielles,0.07,1,1
1048,ankündigen,0.07,1,1
1049,abschluss,0.07,1,1
1050,verschlüsselt,0.07,1,1
1051,personenbezogenen,0.07,1,1
1052,korrigierenden,0.07,1,1
1053,datenschutzrisiken,0.07,1,1
1054,auftragsverarbeitungsvertrag,0.07,1,1
1055,widerrufen,0.07,1,1
1056,hardcoded,0.07,1,1
1057,codebasis,0.07,1,1
1058,original,0.07,5,10
1059,intelligenz,0.07,3,5
1060,portfolio,0.07,3,3
1061,vorgestellt,0.07,3,3
1062,weiterhin,0.07,3,3
1063,analysiert,0.07,2,3
1064,developer,0.07,2,4
1065,kostenlos,0.069,4,7
1066,lesen,0.069,3,3
1067,funktion,0.069,2,4
1068,entstehen,0.069,3,3
1069,offsets,0.069,1,2
1070,pricing,0.069,1,2
1071,anmelden,0.068,3,3
1072,angesichts,0.068,2,2
1073,analysieren,0.068,2,3
1074,schneller,0.068,4,4
1075,minute,0.068,4,7
1076,workflow,0.068,1,2
1077,debounce,0.068,1,2
1078,lernende,0.068,1,2
1079,approved,0.068,1,2
1080,container,0.068,2,4
1081,korrigieren,0.068,3,7
1082,corporate,0.067,1,1
1083,mittelstand,0.067,1,1
1084,transportwege,0.067,1,1
1085,nachhaltig,0.067,1,1
1086,produziert,0.067,1,1
1087,verbraucher,0.067,1,1
1088,kaufargumente,0.067,1,1
1089,zertifizierte,0.067,1,1
1090,ansprüche,0.067,1,1
1091,angebaute,0.067,1,1
1092,erntefrische,0.067,1,1
1093,pestiziden,0.067,1,1
1094,wachstumsprozesses,0.067,1,1
1095,cloudbasiert,0.067,1,1
1096,datengesteuert,0.067,1,1
1097,instabiler,0.067,1,1
1098,klimatischer,0.067,1,1
1099,schwankungen,0.067,1,1
1100,erzeugung,0.067,1,1
1101,lebensmitteln,0.067,1,1
1102,einflüssen,0.067,1,1
1103,entkoppelt,0.067,1,1
1104,stabilisiert,0.067,1,1
1105,erklärtes,0.067,1,1
1106,vertikalen,0.067,1,1
1107,blattgemüse,0.067,1,1
1108,nährstoffen,0.067,1,1
1109,luftfeuchtigkeit,0.067,1,1
1110,datenbasiert,0.067,1,1
1111,hochmodernen,0.067,1,1
1112,produktqualität,0.067,1,1
1113,gestaltete,0.067,1,1
1114,ressourcenschonende,0.067,1,1
1115,jahreszeiten,0.067,1,1
1116,unabhängige,0.067,1,1
1117,lieferung,0.067,1,1
1118,klimaresilienten,0.067,1,1
1119,leistungsstarken,0.067,1,1
1120,modularen,0.067,1,1
1121,mitzulernen,0.067,1,1
1122,ausgestattet,0.067,1,1
1123,feuchtigkeits,0.067,1,1
1124,multispektrale,0.067,1,1
1125,bildtechnologien,0.067,1,1
1126,umgewandelt,0.067,1,1
1127,simulationen,0.067,1,1
1128,geschmacksintensivere,0.067,1,1
1129,natürlicher,0.067,1,1
1130,signifikant,0.067,1,1
1131,adaptieren,0.067,1,1
1132,ständigen,0.067,1,1
1133,datenflusses,0.067,1,1
1134,anbaufläche,0.067,1,1
1135,effizienter,0.067,1,1
1136,netzwerks,0.067,1,1
1137,angeeignet,0.067,1,1
1138,schlüssel,0.067,1,1
1139,wirtschaftlicher,0.067,1,1
1140,betreiben,0.067,1,1
1141,bestrebungen,0.067,1,1
1142,optimierungen,0.067,1,1
1143,derzeitige,0.067,1,1
1144,einzelner,0.067,1,1
1145,versorgung,0.067,1,1
1146,minimiert,0.067,1,1
1147,ressourcenverbrauch,0.067,1,1
1148,nährstoffe,0.067,1,1
1149,maximieren,0.067,1,1
1150,erstellung,0.067,1,1
1151,simulierter,0.067,1,1
1152,digitaler,0.067,1,1
1153,zwillinge,0.067,1,1
1154,pflanzensorte,0.067,1,1
1155,controlled,0.067,1,1
1156,agriculture,0.067,1,1
1157,prognostizierten,0.067,1,1
1158,wachstumsmustern,0.067,1,1
1159,wachstumsbedingungen,0.067,1,1
1160,energiebedarf,0.067,1,1
1161,reduzieren,0.067,1,1
1162,derzeitigen,0.067,1,1
1163,energiepreisen,0.067,1,1
1164,kommenden,0.067,1,1
1165,voraussichtlich,0.067,1,1
1166,millionen,0.067,1,1
1167,wachstums,0.067,1,1
1168,spektraldaten,0.067,1,1
1169,lebensdauer,0.067,1,1
1170,datenpunkten,0.067,1,1
1171,erfordert,0.067,1,1
1172,leistungsstarke,0.067,1,1
1173,ehrgeizigen,0.067,1,1
1174,voranzutreiben,0.067,1,1
1175,analytics,0.067,1,1
1176,programming,0.067,1,1
1177,streaming,0.067,1,1
1178,anweisungen,0.067,1,1
1179,echtzeitanalysen,0.067,1,1
1180,datastream,0.067,1,1
1181,heterogenen,0.067,1,1
1182,synchronisieren,0.067,1,1
1183,energiekosten,0.067,1,1
1184,einzusparen,0.067,1,1
1185,abteilungen,0.067,1,1
1186,datenexpert,0.067,1,1
1187,übersichtlich,0.067,1,1
1188,aufbereiten,0.067,1,1
1189,datenmuster,0.067,1,1
1190,interpretieren,0.067,1,1
1191,unterschiedlichen,0.067,1,1
1192,bezugsquellen,0.067,1,1
1193,kombinieren,0.067,1,1
1194,visuelles,0.067,1,1
1195,nachhaltingkeits,0.067,1,1
1196,pflanzenproduktion,0.067,1,1
1197,wassereinsparungen,0.067,1,1
1198,referenzdaten,0.067,1,1
1199,beteiligten,0.067,1,1
1200,nachverfolgung,0.067,1,1
1201,langfristiger,0.067,1,1
1202,verbrauchen,0.067,1,1
1203,qualitativ,0.067,1,1
1204,zusammenspiel,0.067,1,1
1205,ehrgeiziger,0.067,1,1
1206,hochmoderner,0.067,1,1
1207,reduziert,0.067,5,7
1208,hub,0.067,2,9
1209,typen,0.067,1,1
1210,schritt,0.067,4,11
1211,vollständige,0.067,3,3
1212,cloud,0.067,13,102
1213,etwa,0.067,3,5
1214,chain,0.067,1,3
1215,korrigiert,0.067,3,7
1216,q_proj,0.067,2,2
1217,v_proj,0.067,2,2
1218,target,0.067,2,2
1219,drastisch,0.066,3,3
1220,hoch,0.066,2,2
1221,flatrate,0.066,3,4
1222,stringify,0.066,4,7
1223,informationen,0.066,4,8
1224,keys,0.066,4,12
1225,plan,0.066,5,25
1226,gpt,0.066,2,11
1227,engine,0.066,2,3
1228,stunden,0.066,2,2
1229,professionelles,0.066,3,3
1230,finden,0.066,5,15
1231,regelbasiert,0.066,2,3
1232,wörterbuch,0.066,2,3
1233,kontextverständnis,0.066,2,3
1234,weiter,0.065,1,1
1235,binden,0.065,1,1
1236,bereit,0.065,1,1
1237,passen,0.065,1,1
1238,beides,0.065,1,1
1239,sheets,0.065,1,1
1240,wissen,0.065,1,1
1241,beweis,0.065,1,1
1242,mühsam,0.065,1,2
1243,labeln,0.065,1,2
1244,bucket,0.065,1,2
1245,volumen,0.065,2,4
1246,originaltext,0.065,4,7
1247,speicher,0.065,3,3
1248,entscheidende,0.065,3,3
1249,deutschen,0.065,4,6
1250,process,0.065,3,5
1251,api_url,0.065,2,5
1252,api_key,0.065,2,5
1253,payload,0.065,1,2
1254,retries,0.065,1,2
1255,attempt,0.065,1,2
1256,aufrufe,0.065,1,2
1257,caching,0.065,1,2
1258,actions,0.065,1,2
1259,verarbeitung,0.064,3,4
1260,korrigierter,0.064,3,3
1261,limit,0.064,5,14
1262,frontend,0.064,3,4
1263,repositories,0.064,3,3
1264,navigieren,0.064,3,3
1265,korrigierende,0.064,3,3
1266,sprachcode,0.064,3,3
1267,erfolgreiche,0.064,3,3
1268,verarbeitungszeit,0.064,3,3
1269,millisekunden,0.064,3,3
1270,verbrauchte,0.064,3,3
1271,empfohlene,0.064,3,3
1272,unauthorized,0.064,3,3
1273,ungültiger,0.064,3,3
1274,überschritten,0.064,3,3
1275,split,0.064,1,3
1276,check,0.064,1,3
1277,trainingsdaten,0.064,3,3
1278,serverseitig,0.063,2,3
1279,folgen,0.063,2,2
1280,starten,0.063,6,6
1281,geschäftlichen,0.063,2,2
1282,lernen,0.063,3,4
1283,qualität,0.063,3,7
1284,nachhaltigkeit,0.063,3,3
1285,entwicklung,0.063,7,13
1286,schicken,0.063,1,1
1287,dahinter,0.063,1,1
1288,einzelne,0.063,1,1
1289,deutlich,0.063,1,1
1290,seltenen,0.063,1,1
1291,garantie,0.063,1,1
1292,absetzen,0.063,1,1
1293,passwort,0.063,1,1
1294,seitigem,0.063,1,1
1295,dsgvo,0.062,7,9
1296,cluster,0.062,1,2
1297,größten,0.062,1,2
1298,gesetzt,0.062,3,3
1299,verwenden,0.062,6,12
1300,deploy,0.062,3,3
1301,anbieter,0.062,4,5
1302,erklärt,0.061,5,5
1303,sprachen,0.061,6,15
1304,falls,0.061,2,3
1305,app,0.061,5,14
1306,produkt,0.061,4,4
1307,wichtige,0.061,4,4
1308,chief,0.061,1,2
1309,account,0.061,3,5
1310,benutzerdefinierte,0.061,2,2
1311,anleitungen,0.061,2,2
1312,hilfreiche,0.061,2,2
1313,erweitert,0.061,2,2
1314,korrekturen,0.061,2,3
1315,quick,0.061,1,1
1316,erste,0.06,3,4
1317,sondern,0.06,3,7
1318,richtige,0.06,3,4
1319,vergleich,0.06,4,6
1320,reicht,0.06,4,6
1321,bieten,0.06,2,5
1322,post,0.06,6,24
1323,vertical,0.06,1,1
1324,ständige,0.06,1,1
1325,externen,0.06,1,1
1326,neutrale,0.06,1,1
1327,konstant,0.06,1,1
1328,globales,0.06,1,1
1329,sensoren,0.06,1,1
1330,mehrmals,0.06,1,1
1331,auslesen,0.06,1,1
1332,angebaut,0.06,1,1
1333,digitale,0.06,1,1
1334,immensen,0.06,1,1
1335,abfragen,0.06,1,1
1336,abfällen,0.06,1,1
1337,englisch,0.059,3,3
1338,interne,0.059,1,2
1339,prompts,0.059,1,2
1340,messbar,0.059,1,2
1341,ask_llm,0.059,1,2
1342,anzeige,0.059,1,2
1343,docker,0.059,2,5
1344,deren,0.059,2,4
1345,märkte,0.059,2,2
1346,video,0.059,2,5
1347,wollen,0.059,1,2
1348,credit,0.059,1,2
1349,formulare,0.059,2,3
1350,source,0.059,2,5
1351,umgebungsvariablen,0.058,4,5
1352,begrenzt,0.058,2,3
1353,bedeutet,0.058,2,3
1354,sollten,0.057,3,3
1355,grenzen,0.057,2,3
1356,entwicklerinnen,0.057,2,2
1357,fehlerbehebung,0.057,2,2
1358,sicherzustellen,0.057,2,2
1359,entwickelt,0.057,2,2
1360,wichtigen,0.057,2,2
1361,memory,0.057,2,2
1362,zuverlässig,0.057,2,2
1363,spezifischen,0.057,2,2
1364,minimaler,0.057,2,2
1365,konnten,0.057,2,3
1366,gesamte,0.057,2,3
1367,mehrere,0.057,4,4
1368,reaktion,0.057,3,3
1369,optimiert,0.057,2,3
1370,jahren,0.057,4,5
1371,ältere,0.057,2,2
1372,details,0.056,2,2
1373,selbst,0.056,3,6
1374,fokus,0.056,4,6
1375,sekunden,0.056,6,6
1376,wachsen,0.056,2,3
1377,zusätzliche,0.056,4,4
1378,route,0.056,2,6
1379,konzentrieren,0.056,2,3
1380,70b,0.056,1,1
1381,abo,0.056,1,1
1382,tunen,0.055,2,2
1383,klein,0.055,2,2
1384,query,0.055,2,2
1385,req,0.055,1,4
1386,secret,0.055,1,2
1387,date,0.055,1,3
1388,iot,0.055,2,2
1389,lassen,0.055,4,7
1390,12g,0.055,1,1
1391,tdp,0.055,1,1
1392,mac,0.055,1,1
1393,ops,0.055,1,1
1394,gtx,0.055,1,1
1395,body,0.055,5,17
1396,schreiben,0.055,3,4
1397,solutions,0.055,1,1
1398,eingesetzt,0.055,1,1
1399,konsequenz,0.055,1,1
1400,unternehmensberatung,0.055,1,1
1401,gewinnbringenden,0.055,1,1
1402,geschäftsprozesse,0.055,1,1
1403,einfließen,0.055,1,1
1404,zustimmen,0.055,1,1
1405,unerlässlich,0.055,1,1
1406,sogenannte,0.055,1,1
1407,fachwissen,0.055,1,1
1408,entscheidender,0.055,1,1
1409,testphase,0.055,1,1
1410,bereitstellungszeiten,0.055,1,1
1411,verbundenen,0.055,1,1
1412,personalbedarf,0.055,1,1
1413,implementiert,0.055,1,1
1414,president,0.055,1,1
1415,einsatzfähige,0.055,1,1
1416,geschäftliche,0.055,1,1
1417,bewältigen,0.055,1,1
1418,verwaltete,0.055,1,1
1419,skalierbare,0.055,1,1
1420,unternehmensweiter,0.055,1,1
1421,translate,0.055,1,1
1422,technologischen,0.055,1,1
1423,lokalisierung,0.055,1,1
1424,kommunikationshindernisse,0.055,1,1
1425,abzubauen,0.055,1,1
1426,präsentieren,0.055,1,1
1427,wirkungsvolle,0.055,1,1
1428,kostengünstige,0.055,1,1
1429,kommunikation,0.055,1,1
1430,forscherinnen,0.055,1,1
1431,erkenntnisse,0.055,1,1
1432,zulieferer,0.055,1,1
1433,dienstleistungsunternehmen,0.055,1,1
1434,unterversorgte,0.055,1,1
1435,verwaltungen,0.055,1,1
1436,öffentlichen,0.055,1,1
1437,gemeindemitglieder,0.055,1,1
1438,verständlichen,0.055,1,1
1439,ansprechen,0.055,1,1
1440,letztlich,0.055,1,1
1441,vernetzten,0.055,1,1
1442,inklusiveren,0.055,1,1
1443,verbindet,0.055,1,1
1444,maschinelle,0.055,1,1
1445,gängigsten,0.055,1,1
1446,dateiformaten,0.055,1,1
1447,präsentationen,0.055,1,1
1448,übernommen,0.055,1,1
1449,übersetzt,0.055,1,1
1450,formatierungen,0.055,1,1
1451,beibehalten,0.055,1,1
1452,beispielsweise,0.055,1,1
1453,nachbereitung,0.055,1,1
1454,übersetzungsmodellen,0.055,1,1
1455,berichtet,0.055,1,1
1456,innovation,0.055,1,1
1457,materialentwicklung,0.055,1,1
1458,übersetzungstechnologie,0.055,1,1
1459,zugehörigkeit,0.055,1,1
1460,belegschaft,0.055,1,1
1461,unternehmensspezifische,0.055,1,1
1462,fließendes,0.055,1,1
1463,muttersprache,0.055,1,1
1464,dokumentverarbeitung,0.055,1,1
1465,organisation,0.055,1,1
1466,richtigen,0.055,1,1
1467,beschaffungszyklus,0.055,1,1
1468,empfangsbestätigungen,0.055,1,1
1469,eingeschlossen,0.055,1,1
1470,vertragsabwicklung,0.055,1,1
1471,effizienz,0.055,1,1
1472,kernaufgaben,0.055,1,1
1473,zahlungsdienstleistungsunternehmen,0.055,1,1
1474,rechnungsparser,0.055,1,1
1475,testgenauigkeit,0.055,1,1
1476,übertreffen,0.055,1,1
1477,gesamtkosten,0.055,1,1
1478,überwinden,0.055,1,1
1479,hindernisse,0.055,1,1
1480,unternehmensspezifischer,0.055,1,1
1481,extraktion,0.055,1,1
1482,fachgebieten,0.055,1,1
1483,geschäftsanforderungen,0.055,1,1
1484,herkömmlichen,0.055,1,1
1485,entwicklungsansätzen,0.055,1,1
1486,intuitive,0.055,1,1
1487,extrahieren,0.055,1,1
1488,vergangenheit,0.055,1,1
1489,angehören,0.055,1,1
1490,einbindung,0.055,1,1
1491,suchtechnologien,0.055,1,1
1492,steuerung,0.055,1,1
1493,rechnungsverarbeitung,0.055,1,1
1494,verträgen,0.055,1,1
1495,genehmigungen,0.055,1,1
1496,unternehmensspezifischen,0.055,1,1
1497,erfahrungen,0.055,1,1
1498,kostspielig,0.055,1,1
1499,implementierung,0.055,1,1
1500,unterstützenden,0.055,1,1
1501,intelligenten,0.055,1,1
1502,virtuellen,0.055,1,1
1503,menschlichen,0.055,1,1
1504,transkripten,0.055,1,1
1505,auswahlmöglichkeiten,0.055,1,1
1506,organisationen,0.055,1,1
1507,serviceerfahrung,0.055,1,1
1508,datengestützte,0.055,1,1
1509,information,0.055,1,1
1510,verlagern,0.055,1,1
1511,mitarbeitenden,0.055,1,1
1512,erstklassigen,0.055,1,1
1513,serviceerfahrungen,0.055,1,1
1514,neugierig,0.055,1,1
1515,ankündigungen,0.055,1,1
1516,commerzbank,0.055,1,1
1517,efficiency,0.055,1,1
1518,transform,0.055,1,1
1519,experiences,0.055,1,1
1520,recommendations,0.055,1,1
1521,einblicke,0.055,1,1
1522,customers,0.055,1,1
1523,interaction,0.055,1,1
1524,type,0.055,5,15
1525,wörtern,0.055,1,1
1526,merkmal,0.055,1,1
1527,höheren,0.055,1,1
1528,richtet,0.055,1,1
1529,manager,0.055,1,1
1530,enthält,0.055,1,1
1531,elegant,0.055,1,1
1532,aktuell,0.055,1,1
1533,wrapper,0.055,1,1
1534,verbessert,0.055,3,5
1535,tätig,0.054,1,1
1536,sechs,0.054,1,1
1537,echte,0.054,1,1
1538,magie,0.054,1,1
1539,tasks,0.054,1,1
1540,excel,0.054,1,1
1541,leads,0.054,1,1
1542,engen,0.054,1,1
1543,seien,0.054,1,1
1544,demos,0.054,1,2
1545,leistung,0.054,2,3
1546,beachten,0.054,2,2
1547,künstlicher,0.054,3,4
1548,weitere,0.054,6,10
1549,hoher,0.053,2,2
1550,expert,0.053,1,2
1551,laptop,0.053,1,2
1552,lokale,0.053,1,2
1553,anthos,0.053,1,2
1554,freuen,0.053,1,2
1555,software,0.053,4,9
1556,dns,0.053,1,1
1557,oberfläche,0.053,4,4
1558,ihre,0.053,7,33
1559,korrigierten,0.053,3,3
1560,kostenlosen,0.053,3,3
1561,schmidt,0.052,1,1
1562,gesunde,0.052,1,1
1563,farming,0.052,1,1
1564,erfüllt,0.052,1,1
1565,frische,0.052,1,1
1566,kräuter,0.052,1,1
1567,ständig,0.052,1,1
1568,händler,0.052,1,1
1569,growing,0.052,1,1
1570,anderem,0.052,1,1
1571,erzeugt,0.052,1,1
1572,agieren,0.052,1,1
1573,zentral,0.052,1,1
1574,zeitnah,0.052,1,1
1575,zuführt,0.052,1,1
1576,moderne,0.052,1,1
1577,prozent,0.052,1,1
1578,abrufen,0.052,1,1
1579,fließen,0.052,1,1
1580,liefert,0.052,1,1
1581,künftig,0.052,1,1
1582,genutzt,0.052,1,1
1583,erträge,0.052,1,1
1584,batch,0.052,3,8
1585,apis,0.052,2,6
1586,einige,0.052,3,5
1587,andere,0.052,3,5
1588,vokabular,0.052,2,3
1589,beispieltext,0.052,4,4
1590,startseite,0.052,4,4
1591,versuchen,0.052,4,4
1592,exponential,0.052,4,4
1593,produkte,0.052,7,12
1594,netzwerk,0.052,3,4
1595,jahre,0.052,2,2
1596,große,0.052,2,2
1597,exceeded,0.052,4,5
1598,dafür,0.052,3,7
1599,langfristigen,0.052,2,2
1600,lässt,0.052,2,5
1601,stark,0.051,4,4
1602,klick,0.051,3,3
1603,retail,0.051,1,2
1604,strapi,0.051,1,2
1605,ticket,0.051,1,2
1606,erhöht,0.051,1,2
1607,str,0.051,1,4
1608,answer,0.051,1,2
1609,csv,0.051,1,4
1610,row,0.051,1,4
1611,münhen,0.051,1,2
1612,diff,0.051,1,3
1613,desc,0.051,1,3
1614,beispiel,0.051,4,6
1615,berichte,0.051,2,2
1616,erfahren,0.051,2,2
1617,zusammen,0.051,2,2
1618,option,0.051,3,4
1619,benötigen,0.051,4,5
1620,projekt,0.051,3,5
1621,kennenzulernen,0.051,2,2
1622,bedürfnisse,0.051,2,2
1623,warehouse,0.051,2,2
1624,langfristig,0.051,2,2
1625,schritte,0.05,3,4
1626,gleich,0.05,3,4
1627,zeichen,0.05,5,10
1628,paragraphs,0.05,2,3
1629,brauchen,0.05,5,8
1630,apps,0.05,5,14
1631,billing,0.05,3,3
1632,prototypen,0.049,2,2
1633,spezifische,0.049,2,2
1634,problem,0.049,2,3
1635,branche,0.049,4,6
1636,prüfen,0.049,5,9
1637,800ms,0.049,1,2
1638,match,0.049,1,2
1639,image,0.049,1,2
1640,guten,0.049,1,2
1641,rolle,0.049,1,2
1642,hohes,0.049,1,2
1643,200ms,0.049,1,2
1644,mitgemacht,0.049,1,1
1645,nutzerfreundlicher,0.049,1,1
1646,verbringe,0.049,1,1
1647,konzentriere,0.049,1,1
1648,herkömmliche,0.049,1,1
1649,unkomplizierten,0.049,1,1
1650,lieblings,0.049,1,1
1651,schnelles,0.049,1,1
1652,lästigste,0.049,1,1
1653,algorithmus,0.049,1,1
1654,anwendungsfällen,0.049,1,1
1655,stattdessen,0.049,1,1
1656,transkribieren,0.049,1,1
1657,strukturierte,0.049,1,1
1658,gesichter,0.049,1,1
1659,emotionen,0.049,1,1
1660,unerwünschte,0.049,1,1
1661,unglaublich,0.049,1,1
1662,familienvideos,0.049,1,1
1663,analysierte,0.049,1,1
1664,junggesellinnenabschied,0.049,1,1
1665,fußballspiel,0.049,1,1
1666,lächelndes,0.049,1,1
1667,natürlich,0.049,1,1
1668,vortrainierten,0.049,1,1
1669,mobilgerät,0.049,1,1
1670,ausführen,0.049,1,1
1671,vielleicht,0.049,1,1
1672,röntgenaufnahmen,0.049,1,1
1673,krankheit,0.049,1,1
1674,fließband,0.049,1,1
1675,sortieren,0.049,1,1
1676,wahrscheinlichsten,0.049,1,1
1677,zuschicken,0.049,1,1
1678,unkompliziert,0.049,1,1
1679,komponenten,0.049,1,1
1680,leiterplatte,0.049,1,1
1681,schaltfläche,0.049,1,1
1682,abgeschlossen,0.049,1,1
1683,entsprechenden,0.049,1,1
1684,eventuelle,0.049,1,1
1685,tabellarischen,0.049,1,1
1686,datenbank,0.049,1,1
1687,erstellten,0.049,1,1
1688,beeindruckender,0.049,1,1
1689,genauesten,0.049,1,1
1690,kombinationen,0.049,1,1
1691,clientbibliothek,0.049,1,1
1692,mitbewerber,0.049,1,1
1693,zahlreiche,0.049,1,1
1694,restaurants,0.049,1,1
1695,mindestens,0.049,1,1
1696,ebenfalls,0.049,1,1
1697,hilfreiches,0.049,1,1
1698,abgefragt,0.049,1,1
1699,praktikanten,0.049,1,1
1700,einstellen,0.049,1,1
1701,nachdenken,0.049,1,1
1702,beschreiben,0.049,1,1
1703,eingebunden,0.049,1,1
1704,nutzbaren,0.049,1,1
1705,funktionierenden,0.049,1,1
1706,schwierigste,0.049,1,1
1707,ermöglichen,0.049,1,1
1708,entschlossen,0.049,1,1
1709,interaktive,0.049,1,1
1710,hinzuzufügen,0.049,1,1
1711,herunterladen,0.049,1,1
1712,produktseite,0.049,1,1
1713,hinzugefügt,0.049,1,1
1714,erfolgreichen,0.049,1,1
1715,workspace,0.049,1,1
1716,textklassifizierungsmodell,0.049,1,1
1717,hinzufügen,0.049,1,1
1718,hochladen,0.049,1,1
1719,dateneingabe,0.049,1,1
1720,eingabedaten,0.049,1,1
1721,audioaufnahmen,0.049,1,1
1722,ausgabedaten,0.049,1,1
1723,möglichkeit,0.049,1,1
1724,codeblöcke,0.049,1,1
1725,konfigurieren,0.049,1,1
1726,zusammenarbeiten,0.049,1,1
1727,hochgeladene,0.049,1,1
1728,erstellte,0.049,1,1
1729,verschiebt,0.049,1,1
1730,dokumenttext,0.049,1,1
1731,vollständigen,0.049,1,1
1732,hoffentlich,0.049,1,1
1733,überzeugen,0.049,1,1
1734,classifying,0.049,1,1
1735,congressional,0.049,1,1
1736,exploring,0.049,1,1
1737,adventures,0.049,1,1
1738,introduction,0.049,1,1
1739,artificial,0.049,1,1
1740,speichern,0.049,4,4
1741,beispiele,0.049,5,5
1742,global,0.049,2,3
1743,industry,0.049,1,1
1744,logische,0.049,1,1
1745,mckinsey,0.049,1,1
1746,skaliert,0.049,1,1
1747,befinden,0.049,1,1
1748,oberstes,0.049,1,1
1749,forscher,0.049,1,1
1750,employee,0.049,1,1
1751,jenseits,0.049,1,1
1752,sprechen,0.049,1,1
1753,barriere,0.049,1,1
1754,steigert,0.049,1,1
1755,bedienen,0.049,1,1
1756,glandier,0.049,1,1
1757,supports,0.049,1,1
1758,übergabe,0.049,1,1
1759,division,0.049,1,1
1760,modells,0.049,4,5
1761,fehlerhafte,0.048,4,4
1762,texte,0.048,4,12
1763,server,0.048,7,14
1764,vergangenen,0.048,2,2
1765,exportieren,0.048,2,2
1766,spellchecker,0.047,2,2
1767,zusammengesetzte,0.047,2,2
1768,fachvokabular,0.047,2,2
1769,mindestlaufzeit,0.047,2,2
1770,gleichen,0.047,4,4
1771,genauso,0.047,2,2
1772,ansehen,0.047,2,2
1773,nachdem,0.047,2,2
1774,angezeigt,0.047,4,4
1775,falsch,0.047,1,1
1776,robust,0.047,1,1
1777,leicht,0.047,1,1
1778,knoten,0.047,1,1
1779,uptime,0.047,1,1
1780,kostet,0.047,1,1
1781,vollen,0.047,1,1
1782,kotlin,0.047,1,1
1783,völlig,0.047,1,1
1784,sqlite,0.047,1,1
1785,chatbots,0.047,6,8
1786,folgende,0.047,3,5
1787,azure,0.047,2,2
1788,ergebnisse,0.047,3,4
1789,einfacher,0.047,3,4
1790,kopieren,0.046,4,4
1791,registrierung,0.046,2,2
1792,behandeln,0.046,2,2
1793,überschreiten,0.046,2,2
1794,beste,0.046,5,8
1795,zuverlässige,0.046,2,2
1796,wichtiger,0.046,2,2
1797,erweiterte,0.046,2,2
1798,konfiguriert,0.046,2,2
1799,funktioniert,0.046,5,5
1800,bilder,0.046,2,3
1801,einfach,0.045,6,11
1802,backoff,0.045,4,5
1803,projekte,0.045,7,7
1804,shops,0.045,2,2
1805,kontinuierlich,0.045,3,3
1806,wenigen,0.045,3,4
1807,optimierung,0.045,2,2
1808,standard,0.045,5,6
1809,daumen,0.045,1,1
1810,wencke,0.045,1,1
1811,german,0.045,1,1
1812,indoor,0.045,1,1
1813,salate,0.045,1,1
1814,zufuhr,0.045,1,1
1815,stetig,0.045,1,1
1816,abhebt,0.045,1,1
1817,halten,0.045,1,1
1818,möchte,0.045,1,1
1819,rahmen,0.045,1,1
1820,ertrag,0.045,1,1
1821,umwelt,0.045,1,1
1822,anzahl,0.045,1,1
1823,native,0.045,1,1
1824,insert,0.045,1,1
1825,enorme,0.045,1,1
1826,bedarf,0.045,1,1
1827,impact,0.045,1,1
1828,guthaben,0.045,2,2
1829,weiterer,0.045,2,2
1830,usa,0.045,2,2
1831,besser,0.045,4,5
1832,endnutzer,0.045,2,2
1833,sofort,0.045,5,8
1834,else,0.045,2,6
1835,relevant,0.045,4,4
1836,erweitern,0.044,2,2
1837,energieverbrauch,0.044,2,2
1838,co2,0.044,2,6
1839,verbrauch,0.044,2,2
1840,sogenannten,0.044,2,2
1841,antwort,0.044,5,7
1842,docai,0.044,1,2
1843,earth,0.044,1,2
1844,produktion,0.044,3,4
1845,rang,0.044,2,2
1846,fp16,0.044,2,2
1847,möglich,0.044,8,14
1848,relevantesten,0.044,1,1
1849,entscheidung,0.044,1,1
1850,kandidaten,0.044,1,1
1851,hybridmodell,0.044,1,1
1852,proprietäres,0.044,1,1
1853,proprietär,0.044,1,1
1854,sprachenfokus,0.044,1,1
1855,rechtschreib,0.044,1,1
1856,antwortformat,0.044,1,1
1857,feinabgestimmtes,0.044,1,1
1858,konfidenzwerten,0.044,1,1
1859,etablierteste,0.044,1,1
1860,jahrzehntelanger,0.044,1,1
1861,originalfehler,0.044,1,1
1862,vorschlägen,0.044,1,1
1863,regelreferenzen,0.044,1,1
1864,mächtiger,0.044,1,1
1865,komplexer,0.044,1,1
1866,grammatikerkennung,0.044,1,1
1867,engineering,0.044,1,1
1868,komplexes,0.044,1,1
1869,mehrsprachige,0.044,1,1
1870,rechtschreibung,0.044,1,1
1871,stilprüfung,0.044,1,1
1872,bevorzugen,0.044,1,1
1873,spezialisiertes,0.044,1,1
1874,formulierter,0.044,1,1
1875,ergebnissen,0.044,1,1
1876,produktiven,0.044,1,1
1877,deterministisches,0.044,1,1
1878,verhalten,0.044,1,1
1879,unterschiedliche,0.044,1,1
1880,umzuformulieren,0.044,1,1
1881,unerwünscht,0.044,1,1
1882,deterministisch,0.044,1,1
1883,qualitätsanforderungen,0.044,1,1
1884,professionelle,0.044,1,1
1885,umformulierungs,0.044,1,1
1886,satzfluss,0.044,1,1
1887,stilistik,0.044,1,1
1888,redaktionen,0.044,1,1
1889,nutzungsbasiert,0.044,1,1
1890,exzellente,0.044,1,1
1891,sprachqualität,0.044,1,1
1892,verändert,0.044,1,1
1893,nutzungsbasiertes,0.044,1,1
1894,unverändert,0.044,1,1
1895,aspellcheck,0.044,1,1
1896,bibliotheken,0.044,1,1
1897,pyspellchecker,0.044,1,1
1898,günstigste,0.044,1,1
1899,limitierteste,0.044,1,1
1900,kontextanalyse,0.044,1,1
1901,spezialität,0.044,1,1
1902,wartungsaufwand,0.044,1,1
1903,kontrollierbares,0.044,1,1
1904,bekannten,0.044,1,1
1905,feldinhalten,0.044,1,1
1906,kontrollierbarem,0.044,1,1
1907,entscheidungshilfe,0.044,1,1
1908,pauschalen,0.044,1,1
1909,einfachstes,0.044,1,1
1910,fehleranalyse,0.044,1,1
1911,exzellentes,0.044,1,1
1912,niedrigste,0.044,1,1
1913,einfachen,0.044,1,1
1914,kontrollierten,0.044,1,1
1915,unbegrenzten,0.044,1,1
1916,kleinstes,0.044,1,1
1917,preisvergleich,0.044,1,1
1918,typisches,0.044,1,1
1919,folgendes,0.044,1,1
1920,gleichmäßiger,0.044,1,1
1921,verteilung,0.044,1,1
1922,schwankend,0.044,1,1
1923,zeichenbasiert,0.044,1,1
1924,kostenfazit,0.044,1,1
1925,günstigsten,0.044,1,1
1926,niedrigster,0.044,1,1
1927,integrationskomplexität,0.044,1,1
1928,entscheidend,0.044,1,1
1929,richtwerte,0.044,1,1
1930,typischen,0.044,1,1
1931,eingeschränkt,0.044,1,1
1932,hilfreich,0.044,1,1
1933,kontingent,0.044,1,1
1934,dokumentationsqualität,0.044,1,1
1935,umfangreich,0.044,1,1
1936,entscheidungsbaum,0.044,1,1
1937,stilverbesserung,0.044,1,1
1938,gezielter,0.044,1,1
1939,deterministischer,0.044,1,1
1940,konkreten,0.044,1,1
1941,transparentes,0.044,1,1
1942,mehrsprachigkeit,0.044,1,1
1943,grammatikanalyse,0.044,1,1
1944,geschwindigkeit,0.044,1,1
1945,erstellt,0.044,4,5
1946,außerdem,0.044,3,3
1947,prompt,0.044,2,4
1948,nötig,0.044,8,17
1949,dashboards,0.044,2,2
1950,note,0.044,1,1
1951,geworden,0.043,1,1
1952,vielmehr,0.043,1,1
1953,teil,0.043,1,2
1954,erfassen,0.043,1,1
1955,gängigen,0.043,1,1
1956,komplett,0.043,1,1
1957,hochzeit,0.043,1,1
1958,vielzahl,0.043,1,1
1959,bewerten,0.043,1,1
1960,ziemlich,0.043,1,1
1961,bekommen,0.043,1,1
1962,ausnahme,0.043,1,1
1963,chipotle,0.043,1,1
1964,sammlung,0.043,1,1
1965,artikeln,0.043,1,1
1966,paar,0.043,1,2
1967,formular,0.043,1,1
1968,umfassen,0.043,1,1
1969,snippets,0.043,1,1
1970,prototyp,0.043,1,1
1971,formaten,0.043,1,1
1972,sara,0.043,1,2
1973,egal,0.043,2,3
1974,typische,0.043,4,4
1975,allerdings,0.043,2,2
1976,rechnungen,0.043,2,2
1977,bestimmte,0.043,2,2
1978,neuronale,0.043,2,2
1979,modelltraining,0.043,2,2
1980,trainings,0.043,2,2
1981,vorstellen,0.043,2,2
1982,erforderlich,0.043,2,2
1983,anderen,0.043,5,8
1984,projekts,0.043,2,2
1985,steigen,0.043,1,1
1986,stellte,0.043,1,1
1987,gründen,0.043,1,1
1988,liefern,0.043,1,1
1989,streben,0.043,1,1
1990,globale,0.043,1,1
1991,humanem,0.043,1,1
1992,prüfung,0.043,1,1
1993,monaten,0.043,1,1
1994,soziale,0.043,1,1
1995,drücken,0.043,1,1
1996,erhöhen,0.043,1,1
1997,antoine,0.043,1,1
1998,beinahe,0.043,1,1
1999,telefon,0.043,1,1
2000,session,0.043,1,1
2001,webinar,0.043,1,1
2002,improve,0.043,1,1
2003,powered,0.043,1,1
2004,delight,0.043,1,1
2005,stellen,0.043,3,4
2006,tokens,0.043,3,3
2007,nächste,0.042,2,3
2008,free,0.042,5,16
2009,fertig,0.042,2,2
2010,verbessern,0.042,4,5
2011,häufig,0.042,2,2
2012,mehrwert,0.042,3,4
2013,globalem,0.042,2,2
2014,lösung,0.042,7,8
2015,bessere,0.042,7,13
2016,fortgeschritten,0.042,1,1
2017,einzubinden,0.042,1,1
2018,voraussetzungen,0.042,1,1
2019,persönlichen,0.042,1,1
2020,laufzeitumgebung,0.042,1,1
2021,folgendem,0.042,1,1
2022,erreichbar,0.042,1,1
2023,kostenloses,0.042,1,1
2024,umgebungsvariable,0.042,1,1
2025,sicherheitshinweis,0.042,1,1
2026,einbetten,0.042,1,1
2027,identisch,0.042,1,1
2028,hardcoden,0.042,1,1
2029,verbraucht,0.042,1,1
2030,raise_for_status,0.042,1,1
2031,runtimeerror,0.042,1,1
2032,curl_init,0.042,1,1
2033,curl_setopt_array,0.042,1,1
2034,curlopt_returntransfer,0.042,1,1
2035,curlopt_post,0.042,1,1
2036,curlopt_postfields,0.042,1,1
2037,curlopt_httpheader,0.042,1,1
2038,curlopt_timeout,0.042,1,1
2039,json_decode,0.042,1,1
2040,curl_exec,0.042,1,1
2041,curl_close,0.042,1,1
2042,runtimeexception,0.042,1,1
2043,fehlerfall,0.042,1,1
2044,produktionsreife,0.042,1,1
2045,relevanten,0.042,1,1
2046,vorübergehend,0.042,1,1
2047,parallele,0.042,1,1
2048,typdefinitionen,0.042,1,1
2049,definitionen,0.042,1,1
2050,serverseitige,0.042,1,1
2051,abstrahieren,0.042,1,1
2052,variables,0.042,1,1
2053,repository,0.042,1,1
2054,identische,0.042,1,1
2055,cachedspellcheck,0.042,1,1
2056,persistentes,0.042,1,1
2057,strukturiert,0.042,1,1
2058,structured,0.042,1,1
2059,text_length,0.042,1,1
2060,api_time_ms,0.042,1,1
2061,total_time_ms,0.042,1,1
2062,timestamp,0.042,1,1
2063,toisostring,0.042,1,1
2064,erfolgreich,0.042,1,1
2065,herzlichen,0.042,1,1
2066,glückwunsch,0.042,1,1
2067,entdecken,0.042,1,1
2068,direkt,0.042,7,12
2069,speziell,0.041,3,4
2070,rechtschreibprüfung,0.041,4,6
2071,environ,0.041,4,5
2072,timeout,0.041,4,5
2073,gesamten,0.041,2,2
2074,behalten,0.041,2,2
2075,fetch,0.041,5,9
2076,anwendung,0.041,7,11
2077,begrenztem,0.041,2,2
2078,allgemeine,0.041,2,2
2079,log,0.041,3,9
2080,wechseln,0.041,2,2
2081,großes,0.041,2,2
2082,sollen,0.041,2,2
2083,schwer,0.041,2,2
2084,einsatz,0.04,3,4
2085,zeigt,0.04,3,5
2086,ergebnis,0.04,6,6
2087,hilfe,0.04,2,3
2088,zudem,0.04,2,4
2089,python,0.04,7,16
2090,branchenführer,0.04,1,1
2091,technologieführer,0.04,1,1
2092,entscheidenden,0.04,1,1
2093,konzentrierte,0.04,1,1
2094,voneinander,0.04,1,1
2095,transformativen,0.04,1,1
2096,bereichen,0.04,1,1
2097,einbettung,0.04,1,1
2098,zentraler,0.04,1,1
2099,sicherheits,0.04,1,1
2100,nachhaltigkeitsfunktionen,0.04,1,1
2101,partnerlösungen,0.04,1,1
2102,hauptfokus,0.04,1,1
2103,bestmögliche,0.04,1,1
2104,erfahrung,0.04,1,1
2105,kinderleicht,0.04,1,1
2106,installationen,0.04,1,1
2107,erfordern,0.04,1,1
2108,sichersten,0.04,1,1
2109,automatisierungsoptionen,0.04,1,1
2110,gke,0.04,1,3
2111,maßgeblich,0.04,1,1
2112,zugrundeliegende,0.04,1,1
2113,bereitstellt,0.04,1,1
2114,entwickeltes,0.04,1,1
2115,fortschrittliches,0.04,1,1
2116,sämtliche,0.04,1,1
2117,practices,0.04,1,1
2118,berücksichtigt,0.04,1,1
2119,fortschrittliche,0.04,1,1
2120,erleichtert,0.04,1,1
2121,fortschrittlicher,0.04,1,1
2122,kontextsensitiven,0.04,1,1
2123,heruntergeladen,0.04,1,1
2124,installiert,0.04,1,1
2125,integrierten,0.04,1,1
2126,quellcodeverwaltung,0.04,1,1
2127,emulatoren,0.04,1,1
2128,serverlose,0.04,1,1
2129,kommandozeile,0.04,1,1
2130,nachschlagen,0.04,1,1
2131,lernerfahrung,0.04,1,1
2132,jeweiligen,0.04,1,1
2133,arbeitskontext,0.04,1,1
2134,unterschiedlichste,0.04,1,1
2135,serverlosen,0.04,1,1
2136,serverloser,0.04,1,1
2137,sekundenschnell,0.04,1,1
2138,eingeführt,0.04,1,1
2139,deployment,0.04,1,1
2140,binärautorisierung,0.04,1,1
2141,vertrauenswürdige,0.04,1,1
2142,skalierbarer,0.04,1,1
2143,servermanagement,0.04,1,1
2144,auslastung,0.04,1,1
2145,bedienung,0.04,1,1
2146,operations,0.04,1,1
2147,überwachen,0.04,1,1
2148,integrierte,0.04,1,1
2149,benachrichtigungen,0.04,1,1
2150,ereignisse,0.04,1,1
2151,kennzahlen,0.04,1,1
2152,verschiedenen,0.04,1,1
2153,cyberangriffe,0.04,1,1
2154,kompromittieren,0.04,1,1
2155,zunehmenden,0.04,1,1
2156,bedrohungen,0.04,1,1
2157,adressieren,0.04,1,1
2158,toolchain,0.04,1,1
2159,vorherzusehen,0.04,1,1
2160,vermeiden,0.04,1,1
2161,integrierter,0.04,1,1
2162,verifizierbarer,0.04,1,1
2163,provenienz,0.04,1,1
2164,binärprogramm,0.04,1,1
2165,zurückverfolgt,0.04,1,1
2166,manipulationen,0.04,1,1
2167,auszuschließen,0.04,1,1
2168,ausgeführte,0.04,1,1
2169,integritätsfunktionen,0.04,1,1
2170,alleinstellungsmerkmal,0.04,1,1
2171,verhindern,0.04,1,1
2172,offiziellen,0.04,1,1
2173,sicherheitsmodell,0.04,1,1
2174,anwendungsbereitstellung,0.04,1,1
2175,authentifizierungen,0.04,1,1
2176,autorisierungen,0.04,1,1
2177,verschlüsselungen,0.04,1,1
2178,änderungen,0.04,1,1
2179,sicherheitseinstellungen,0.04,1,1
2180,programmierung,0.04,1,1
2181,ausarbeitung,0.04,1,1
2182,geeigneter,0.04,1,1
2183,branchenstandards,0.04,1,1
2184,technologieführenden,0.04,1,1
2185,foundation,0.04,1,1
2186,sicherheitsstandards,0.04,1,1
2187,branchenweite,0.04,1,1
2188,artifacts,0.04,1,1
2189,vorgeschlagen,0.04,1,1
2190,sicherheitsframework,0.04,1,1
2191,gemeinsame,0.04,1,1
2192,kriterien,0.04,1,1
2193,softwaresicherheit,0.04,1,1
2194,kryptografischen,0.04,1,1
2195,signaturen,0.04,1,1
2196,entspricht,0.04,1,1
2197,bestmöglich,0.04,1,1
2198,gearbeitet,0.04,1,1
2199,zuverlässigkeit,0.04,1,1
2200,skalierbarkeit,0.04,1,1
2201,ausgelegt,0.04,1,1
2202,branchenführend,0.04,1,1
2203,innovative,0.04,1,1
2204,effiziente,0.04,1,1
2205,verfahren,0.04,1,1
2206,datenerfassung,0.04,1,1
2207,dokumentverarbeitungskosten,0.04,1,1
2208,verwalteten,0.04,1,1
2209,intelligente,0.04,1,1
2210,wertvollere,0.04,1,1
2211,ethisches,0.04,1,1
2212,emissionsziele,0.04,1,1
2213,vorreiter,0.04,1,1
2214,umsetzung,0.04,1,1
2215,hyperscale,0.04,1,1
2216,durchschnittliche,0.04,1,1
2217,footprint,0.04,1,1
2218,energiebezogenen,0.04,1,1
2219,emissionsdaten,0.04,1,1
2220,rechenzentrumsregion,0.04,1,1
2221,niedrigsten,0.04,1,1
2222,bruttoemissionen,0.04,1,1
2223,entscheiden,0.04,1,1
2224,ausgleichen,0.04,1,1
2225,nettoemissionen,0.04,1,1
2226,wirtschaften,0.04,1,1
2227,datenkatalog,0.04,1,1
2228,vonsatellitenbildern,0.04,1,1
2229,nachhaltigkeitsprojekten,0.04,1,1
2230,sustainable,0.04,1,1
2231,masterclass,0.04,1,1
2232,videopräsentation,0.04,1,1
2233,nachhaltigkeitsexpert,0.04,1,1
2234,nachhaltigkeitstools,0.04,1,1
2235,umweltfreundlichere,0.04,1,1
2236,communities,0.04,1,1
2237,effektivste,0.04,1,1
2238,techniker,0.04,1,1
2239,unternehmensentwickler,0.04,1,1
2240,datenwissenschaftler,0.04,1,1
2241,studierenden,0.04,1,1
2242,vorzeitig,0.04,1,1
2243,aktuellen,0.04,1,1
2244,entwicklungsexpert,0.04,1,1
2245,aufnehmen,0.04,1,1
2246,exklusive,0.04,1,1
2247,einladungen,0.04,1,1
2248,einzigartige,0.04,1,1
2249,gestaltung,0.04,1,1
2250,beteiligen,0.04,1,1
2251,anerkennung,0.04,1,1
2252,expertise,0.04,1,1
2253,influencer,0.04,1,1
2254,menschheit,0.04,1,1
2255,innovator,0.04,1,1
2256,meinungsführer,0.04,1,1
2257,erlesenen,0.04,1,1
2258,eingeladen,0.04,1,1
2259,inspirieren,0.04,1,1
2260,ermutigen,0.04,1,1
2261,innovationsgeschwindigkeit,0.04,1,1
2262,directory,0.04,1,1
2263,benutzererfahrung,0.04,1,1
2264,auszustatten,0.04,1,1
2265,method,0.04,4,6
2266,token,0.04,2,4
2267,gesendet,0.04,2,2
2268,editor,0.04,3,5
2269,petabyte,0.04,2,2
2270,internen,0.04,2,2
2271,llm,0.039,6,17
2272,einsparen,0.039,4,4
2273,feature,0.039,4,4
2274,parallel,0.039,3,4
2275,science,0.039,2,2
2276,unserem,0.039,2,2
2277,analyse,0.039,2,2
2278,geht,0.039,2,2
2279,vereinfacht,0.039,2,2
2280,bereitgestellt,0.039,2,2
2281,erweiterung,0.039,2,2
2282,skalieren,0.039,2,2
2283,automatisierung,0.039,2,2
2284,automatisiert,0.039,2,2
2285,verbunden,0.039,2,2
2286,entscheidungen,0.039,2,2
2287,technischen,0.039,2,2
2288,wichtigsten,0.039,3,3
2289,kennen,0.039,2,2
2290,objektiv,0.039,1,1
2291,einbauen,0.039,1,1
2292,kandidat,0.039,1,1
2293,variiert,0.039,1,1
2294,50ms,0.039,1,2
2295,latenzen,0.039,1,1
2296,gehalten,0.039,1,1
2297,objekten,0.039,1,1
2298,position,0.039,1,1
2299,dasselbe,0.039,1,1
2300,erzeugen,0.039,1,1
2301,volumina,0.039,1,1
2302,szenario,0.039,1,1
2303,primären,0.039,1,1
2304,basieren,0.039,1,1
2305,bewährte,0.039,1,1
2306,nutzt,0.039,5,5
2307,technologie,0.039,3,3
2308,plans,0.039,1,1
2309,swift,0.039,1,1
2310,sätze,0.039,1,1
2311,folgt,0.039,1,1
2312,alten,0.039,1,1
2313,promise,0.039,2,3
2314,setup,0.039,3,4
2315,arbeitet,0.039,2,2
2316,analysen,0.039,2,2
2317,pläne,0.039,2,2
2318,automation,0.038,2,2
2319,weiterleitung,0.038,2,2
2320,vergleicht,0.038,2,2
2321,unser,0.038,5,7
2322,textverarbeitungsprogramme,0.038,1,1
2323,generiert,0.038,1,1
2324,allgegenwärtig,0.038,1,1
2325,konsequenzen,0.038,1,1
2326,vertrauen,0.038,1,1
2327,kaufabbrüche,0.038,1,1
2328,schlechtere,0.038,1,1
2329,suchranking,0.038,1,1
2330,smartphones,0.038,1,1
2331,redakteure,0.038,1,1
2332,unsichtbar,0.038,1,1
2333,übersicht,0.038,1,1
2334,empfohlener,0.038,1,1
2335,redaktion,0.038,1,1
2336,education,0.038,1,1
2337,datenpipeline,0.038,1,1
2338,veröffentlichung,0.038,1,1
2339,rechtschreibkontrolle,0.038,1,1
2340,ineffizient,0.038,1,1
2341,zumindest,0.038,1,1
2342,contentful,0.038,1,1
2343,korrigierte,0.038,1,1
2344,vorgenommenen,0.038,1,1
2345,autocorrectbeforepublish,0.038,1,1
2346,projektmanagement,0.038,1,1
2347,eingabefelder,0.038,1,1
2348,beschreibungen,0.038,1,1
2349,kundennotizen,0.038,1,1
2350,kommentare,0.038,1,1
2351,eingebettete,0.038,1,1
2352,wahrnehmung,0.038,1,1
2353,berechnet,0.038,1,1
2354,unterstrichen,0.038,1,1
2355,dargestellt,0.038,1,1
2356,debounced,0.038,1,1
2357,addeventlistener,0.038,1,1
2358,cleartimeout,0.038,1,1
2359,unterschiede,0.038,1,1
2360,showcorrectionhint,0.038,1,1
2361,tastenanschlag,0.038,1,1
2362,unterschätzter,0.038,1,1
2363,nutzereingaben,0.038,1,1
2364,weiterleiten,0.038,1,1
2365,schlechteren,0.038,1,1
2366,antworten,0.038,1,1
2367,faktenanfragen,0.038,1,1
2368,namensnennungen,0.038,1,1
2369,processing,0.038,1,1
2370,eingebaut,0.038,1,1
2371,suchbasierte,0.038,1,1
2372,möglicherweise,0.038,1,1
2373,vorgelagerte,0.038,1,1
2374,processor,0.038,1,1
2375,beliebiges,0.038,1,1
2376,anthropic,0.038,1,1
2377,openai_client,0.038,1,1
2378,completions,0.038,1,1
2379,hauptstat,0.038,1,1
2380,deutshland,0.038,1,1
2381,hauptstadt,0.038,1,1
2382,nutzerfragen,0.038,1,1
2383,indizierten,0.038,1,1
2384,beidseitige,0.038,1,1
2385,konsistenz,0.038,1,1
2386,tausenden,0.038,1,1
2387,generated,0.038,1,1
2388,chronisches,0.038,1,1
2389,tippfehlerproblem,0.038,1,1
2390,produkttitel,0.038,1,1
2391,winerjacke,0.038,1,1
2392,herrenjacke,0.038,1,1
2393,gleichermaßen,0.038,1,1
2394,produkteingaben,0.038,1,1
2395,branchenspezifische,0.038,1,1
2396,wörterbücher,0.038,1,1
2397,übersehen,0.038,1,1
2398,concurrent,0.038,1,1
2399,description,0.038,1,1
2400,description_corrected,0.038,1,1
2401,dictreader,0.038,1,1
2402,max_workers,0.038,1,1
2403,bereinigt,0.038,1,1
2404,deutschlernen,0.038,1,1
2405,lernplattformen,0.038,1,1
2406,eingreifen,0.038,1,1
2407,lernimpuls,0.038,1,1
2408,kombination,0.038,1,1
2409,gamification,0.038,1,1
2410,elementen,0.038,1,1
2411,fehlerfreien,0.038,1,1
2412,rendering,0.038,1,1
2413,innerhtml,0.038,1,1
2414,transaktions,0.038,1,1
2415,qualitätsprüfung,0.038,1,1
2416,kampagnen,0.038,1,1
2417,zeitdruck,0.038,1,1
2418,markenwahrnehmung,0.038,1,1
2419,beschädigen,0.038,1,1
2420,mailchimp,0.038,1,1
2421,validateemailbeforesend,0.038,1,1
2422,suggestions,0.038,1,1
2423,datenpipelines,0.038,1,1
2424,massenhaftes,0.038,1,1
2425,datenbankeinträgen,0.038,1,1
2426,gewachsenen,0.038,1,1
2427,datenbanken,0.038,1,1
2428,jahrelange,0.038,1,1
2429,altlasten,0.038,1,1
2430,regelmäßige,0.038,1,1
2431,nachgelagerten,0.038,1,1
2432,auswertungen,0.038,1,1
2433,branchenspezifisches,0.038,1,1
2434,datenquelle,0.038,1,1
2435,healthcare,0.038,1,1
2436,patientennotizen,0.038,1,1
2437,diagnosen,0.038,1,1
2438,auswertung,0.038,1,1
2439,schriftsätze,0.038,1,1
2440,stellenausschreibungen,0.038,1,1
2441,auftreten,0.038,1,1
2442,kundenkorrespondenz,0.038,1,1
2443,compliance,0.038,1,1
2444,reputation,0.038,1,1
2445,betrachtung,0.038,1,1
2446,investment,0.038,1,1
2447,beantworten,0.038,1,1
2448,eingespart,0.038,1,1
2449,conversions,0.038,1,1
2450,antwortqualität,0.038,1,1
2451,amortisiert,0.038,1,1
2452,manueller,0.038,1,1
2453,def,0.038,1,3
2454,tools,0.038,6,15
2455,gleichzeitig,0.038,5,5
2456,verwaltung,0.038,3,3
2457,profitieren,0.038,3,3
2458,labeling,0.038,2,2
2459,kürzlich,0.038,2,2
2460,hohe,0.038,3,5
2461,kostenlose,0.038,5,6
2462,einiges,0.038,1,1
2463,längste,0.038,1,1
2464,dateien,0.038,1,1
2465,objekte,0.038,1,1
2466,katalog,0.038,1,1
2467,unteren,0.038,1,1
2468,beginne,0.038,1,1
2469,concept,0.038,1,1
2470,benannt,0.038,1,1
2471,kümmern,0.038,1,1
2472,standen,0.038,1,1
2473,ausgabe,0.038,1,1
2474,youtube,0.038,1,1
2475,desto,0.038,2,2
2476,daran,0.038,2,2
2477,backend,0.038,2,3
2478,seo,0.038,2,4
2479,mt5,0.038,2,5
2480,denen,0.037,5,9
2481,grüne,0.037,1,1
2482,gehen,0.037,1,1
2483,licht,0.037,1,1
2484,strom,0.037,1,1
2485,laufe,0.037,1,1
2486,pedro,0.037,1,1
2487,silva,0.037,1,1
2488,plant,0.037,1,1
2489,brain,0.037,1,1
2490,allem,0.037,1,1
2491,ziele,0.037,1,1
2492,ideen,0.037,1,1
2493,quellen,0.037,2,2
2494,besteht,0.037,2,2
2495,pflicht,0.037,4,4
2496,projekten,0.037,2,2
2497,framework,0.037,3,3
2498,tier,0.037,2,2
2499,team,0.037,4,6
2500,stellt,0.037,2,3
2501,beginner,0.037,1,1
2502,robustem,0.037,1,1
2503,endpunkt,0.037,1,1
2504,gelangen,0.037,1,1
2505,struktur,0.037,1,1
2506,robustes,0.037,1,1
2507,falscher,0.037,1,1
2508,limiting,0.037,1,1
2509,variable,0.037,1,1
2510,wrangler,0.037,1,1
2511,mögliche,0.037,1,1
2512,upgraden,0.037,1,1
2513,fehlern,0.037,5,6
2514,pre,0.037,3,8
2515,korrekt,0.037,2,2
2516,library,0.037,2,2
2517,manuelle,0.037,3,3
2518,developers,0.037,2,2
2519,verwaltet,0.037,2,2
2520,anwendungsentwicklung,0.037,2,2
2521,wenig,0.037,3,3
2522,hilft,0.037,3,3
2523,kreditkarte,0.037,3,3
2524,nutzung,0.037,4,4
2525,früher,0.037,1,1
2526,fällen,0.037,1,1
2527,faktor,0.037,1,1
2528,vieler,0.037,1,1
2529,gebiet,0.037,1,1
2530,langer,0.037,1,1
2531,klicks,0.037,1,1
2532,sektor,0.037,1,1
2533,layout,0.037,1,1
2534,murali,0.037,1,1
2535,nathan,0.037,1,1
2536,zahlen,0.037,1,1
2537,demand,0.037,1,1
2538,nutzte,0.037,1,1
2539,pierre,0.037,1,1
2540,parser,0.037,1,1
2541,taggen,0.037,1,1
2542,trends,0.037,1,1
2543,kontul,0.037,1,1
2544,hierzu,0.037,1,1
2545,value,0.036,3,3
2546,lokal,0.036,8,12
2547,klicken,0.036,5,6
2548,data,0.036,10,40
2549,erheblich,0.036,2,2
2550,produktseiten,0.036,2,2
2551,kontext,0.036,2,2
2552,workers,0.036,2,2
2553,pattern,0.036,2,2
2554,längere,0.036,2,2
2555,absätze,0.036,2,2
2556,inhalte,0.036,3,4
2557,präzise,0.036,2,2
2558,senken,0.036,3,4
2559,anfang,0.036,2,3
2560,bereiche,0.036,1,1
2561,derselbe,0.036,1,1
2562,clusters,0.036,1,1
2563,debugger,0.036,1,1
2564,explorer,0.036,1,1
2565,firebase,0.036,1,1
2566,nahtlose,0.036,1,1
2567,jüngsten,0.036,1,1
2568,probleme,0.036,1,1
2569,weiteres,0.036,1,1
2570,mesh,0.036,1,2
2571,umgebung,0.036,1,1
2572,controls,0.036,1,1
2573,security,0.036,1,1
2574,slsa,0.036,1,2
2575,angriffe,0.036,1,1
2576,vorgaben,0.036,1,1
2577,schützen,0.036,1,1
2578,optimale,0.036,1,1
2579,contract,0.036,1,1
2580,jährlich,0.036,1,1
2581,betragen,0.036,1,1
2582,freizeit,0.036,1,1
2583,roadmaps,0.036,1,1
2584,inhalten,0.036,1,1
2585,beiträge,0.036,1,1
2586,sogar,0.036,4,6
2587,premise,0.035,2,2
2588,codes,0.035,3,3
2589,practice,0.035,2,2
2590,überblick,0.035,2,2
2591,produktive,0.035,2,2
2592,setzt,0.035,3,3
2593,mithilfe,0.035,4,4
2594,plattformen,0.035,3,3
2595,grund,0.035,2,2
2596,zurück,0.035,3,3
2597,custom,0.035,3,4
2598,weniger,0.035,9,15
2599,systeme,0.035,4,6
2600,welt,0.035,2,4
2601,teilweise,0.035,2,2
2602,erneut,0.035,4,4
2603,senden,0.035,3,3
2604,kommen,0.035,2,2
2605,mini,0.034,3,4
2606,ansätze,0.034,1,1
2607,matches,0.034,1,1
2608,failure,0.034,1,1
2609,scaling,0.034,1,1
2610,bewusst,0.034,1,1
2611,outputs,0.034,1,1
2612,klingen,0.034,1,1
2613,dennoch,0.034,1,1
2614,spielen,0.034,1,1
2615,dienste,0.034,1,1
2616,wechsel,0.034,1,1
2617,bedingt,0.034,1,1
2618,komplex,0.034,1,1
2619,sandbox,0.034,1,1
2620,optimal,0.034,1,1
2621,stehen,0.034,2,3
2622,region,0.034,2,3
2623,gehostet,0.034,2,2
2624,verarbeiten,0.034,6,6
2625,szenarien,0.034,2,2
2626,publishing,0.034,2,2
2627,rechtschreibfehler,0.034,2,2
2628,eingeben,0.034,1,1
2629,konkrete,0.034,1,1
2630,dutzende,0.034,1,1
2631,markiert,0.034,1,1
2632,schreibt,0.034,1,1
2633,hook,0.034,1,2
2634,join,0.034,1,2
2635,editoren,0.034,1,1
2636,helpdesk,0.034,1,1
2637,annehmen,0.034,1,1
2638,ähnliche,0.034,1,1
2639,skus,0.034,1,2
2640,wertvoll,0.034,1,1
2641,einlesen,0.034,1,1
2642,encoding,0.034,1,1
2643,pool,0.034,1,2
2644,präzises,0.034,1,1
2645,direkten,0.034,1,1
2646,effektiv,0.034,1,1
2647,wone,0.034,1,2
2648,einziger,0.034,1,1
2649,finanzen,0.034,1,1
2650,verträge,0.034,1,1
2651,besseres,0.034,1,1
2652,erzielen,0.034,3,3
2653,tipps,0.034,2,2
2654,hinaus,0.034,2,2
2655,format,0.034,5,7
2656,browser,0.034,6,9
2657,sicher,0.034,2,3
2658,length,0.033,2,3
2659,sprache,0.033,5,5
2660,fünf,0.033,5,7
2661,dokumentation,0.033,5,5
2662,macht,0.033,7,8
2663,phi,0.033,2,2
2664,print,0.033,4,6
2665,bestätigung,0.033,2,2
2666,settimeout,0.033,2,2
2667,dokumente,0.033,5,6
2668,reine,0.033,2,3
2669,anhand,0.033,3,3
2670,wirklich,0.033,2,2
2671,rat,0.033,1,1
2672,bzw,0.033,1,1
2673,schwierig,0.033,3,3
2674,stelle,0.033,1,1
2675,meiner,0.033,1,1
2676,zwecke,0.033,1,1
2677,parsen,0.033,1,1
2678,ähneln,0.033,1,1
2679,sachen,0.033,1,1
2680,kaufen,0.033,1,1
2681,ziehen,0.033,1,1
2682,genügt,0.033,1,1
2683,tables,0.033,1,1
2684,hosten,0.033,1,1
2685,usw,0.033,1,2
2686,schaue,0.033,1,1
2687,art,0.033,1,2
2688,tweets,0.033,1,1
2689,suchen,0.033,1,1
2690,script,0.033,1,1
2691,ordner,0.033,1,1
2692,upside,0.033,1,1
2693,making,0.033,1,1
2694,yufeng,0.033,1,1
2695,tun,0.033,2,3
2696,potenzielle,0.032,2,2
2697,adresse,0.032,1,1
2698,feldern,0.032,1,1
2699,vanilla,0.032,1,1
2700,fehlerr,0.032,1,1
2701,richtig,0.032,1,1
2702,gehören,0.032,1,1
2703,netlify,0.032,1,1
2704,secrets,0.032,1,1
2705,saas,0.032,4,11
2706,legen,0.032,2,2
2707,indem,0.032,3,4
2708,automatisieren,0.032,5,5
2709,dinge,0.032,2,2
2710,client,0.032,2,2
2711,eignet,0.032,2,2
2712,vielen,0.032,4,5
2713,real,0.031,2,4
2714,mail,0.031,4,8
2715,docs,0.031,3,4
2716,darüber,0.031,3,3
2717,fuhr,0.031,1,1
2718,wort,0.031,1,1
2719,ddos,0.031,1,1
2720,inkl,0.031,1,1
2721,mwst,0.031,1,1
2722,ruby,0.031,1,1
2723,rust,0.031,1,1
2724,many,0.031,1,1
2725,baut,0.031,1,1
2726,meisten,0.031,6,8
2727,einfache,0.031,8,13
2728,leisten,0.031,1,1
2729,keynote,0.031,1,1
2730,konsole,0.031,1,1
2731,control,0.031,1,1
2732,sichere,0.031,1,1
2733,verfügt,0.031,1,1
2734,befehle,0.031,1,1
2735,vereint,0.031,1,1
2736,beheben,0.031,1,1
2737,risiken,0.031,1,1
2738,zielten,0.031,1,1
2739,peering,0.031,1,1
2740,seitens,0.031,1,1
2741,basiert,0.031,1,1
2742,handeln,0.031,1,1
2743,zukunft,0.031,1,1
2744,einzige,0.031,1,1
2745,doppelt,0.031,1,1
2746,neutral,0.031,1,1
2747,decoded,0.031,1,1
2748,kontakt,0.031,1,1
2749,fördern,0.031,1,1
2750,pionier,0.031,1,1
2751,integrieren,0.031,4,5
2752,anwendungsfälle,0.031,8,9
2753,blog,0.031,2,2
2754,setzen,0.031,2,2
2755,loggen,0.031,2,2
2756,lohnt,0.031,4,5
2757,dank,0.031,3,5
2758,schutz,0.03,2,2
2759,zugang,0.03,2,2
2760,worker,0.03,2,2
2761,april,0.03,1,1
2762,stufe,0.03,1,1
2763,jyoti,0.03,1,1
2764,group,0.03,1,1
2765,trägt,0.03,1,1
2766,weise,0.03,1,1
2767,sorgt,0.03,1,1
2768,bezug,0.03,1,1
2769,höhere,0.03,3,4
2770,wert,0.03,3,3
2771,fehler,0.03,7,14
2772,optional,0.03,2,2
2773,müssen,0.03,6,10
2774,eigene,0.03,10,13
2775,verfügbar,0.03,9,12
2776,nutzen,0.03,5,7
2777,corp,0.03,1,1
2778,tage,0.03,1,1
2779,jahr,0.03,1,1
2780,crop,0.03,1,1
2781,lage,0.03,1,1
2782,kurz,0.03,1,1
2783,euro,0.03,1,1
2784,farm,0.03,1,1
2785,farb,0.03,1,1
2786,juni,0.03,1,1
2787,land,0.03,1,1
2788,berlin,0.03,2,2
2789,findet,0.03,2,2
2790,suche,0.03,3,4
2791,texten,0.03,3,4
2792,überall,0.03,1,1
2793,schnitt,0.03,1,1
2794,mobilen,0.03,1,1
2795,geräten,0.03,1,1
2796,schützt,0.03,1,1
2797,manuell,0.03,1,1
2798,chatbot,0.03,1,1
2799,täglich,0.03,1,1
2800,geprüft,0.03,1,1
2801,webhook,0.03,1,1
2802,rohtext,0.03,1,1
2803,version,0.03,1,1
2804,entwurf,0.03,1,1
2805,publish,0.03,1,1
2806,boolean,0.03,1,1
2807,eingabe,0.03,1,1
2808,letztem,0.03,1,1
2809,wichtig,0.03,1,1
2810,matchen,0.03,1,1
2811,strings,0.03,1,1
2812,queries,0.03,1,1
2813,schaden,0.03,1,1
2814,newline,0.03,1,1
2815,zählung,0.03,1,1
2816,münchen,0.03,1,1
2817,versand,0.03,1,1
2818,letzter,0.03,1,1
2819,tickets,0.03,1,1
2820,medizin,0.03,1,1
2821,technik,0.03,1,1
2822,benefit,0.03,1,1
2823,saubere,0.03,1,1
2824,archive,0.03,1,1
2825,finance,0.03,1,1
2826,reports,0.03,1,1
2827,ranking,0.03,1,1
2828,offset,0.029,1,1
2829,extrem,0.029,1,1
2830,single,0.029,1,1
2831,simpel,0.029,1,1
2832,spielt,0.029,1,1
2833,größer,0.029,1,1
2834,primär,0.029,1,1
2835,valide,0.029,1,1
2836,streng,0.029,1,1
2837,ablauf,0.029,1,1
2838,ergibt,0.029,1,1
2839,sätzen,0.029,1,1
2840,median,0.029,1,1
2841,tool,0.029,4,9
2842,llms,0.029,3,3
2843,edge,0.029,2,3
2844,support,0.029,4,5
2845,prozess,0.029,2,2
2846,false,0.029,5,7
2847,input,0.029,2,3
2848,500ms,0.029,2,3
2849,teilen,0.029,5,5
2850,erkennt,0.029,3,3
2851,pipelines,0.029,3,3
2852,search,0.029,2,2
2853,steht,0.028,4,4
2854,jedem,0.028,3,4
2855,eng,0.028,2,2
2856,daten,0.028,13,37
2857,eigenes,0.028,2,2
2858,vps,0.028,2,2
2859,typ,0.028,4,6
2860,erfolg,0.028,5,5
2861,ihres,0.028,4,6
2862,guides,0.028,1,1
2863,dauert,0.028,1,1
2864,apikey,0.028,1,1
2865,waitms,0.028,1,1
2866,absatz,0.028,1,1
2867,export,0.028,1,1
2868,bleibt,0.028,1,1
2869,xxx,0.028,1,2
2870,dotenv,0.028,1,1
2871,vercel,0.028,1,1
2872,github,0.028,1,1
2873,cases,0.028,2,3
2874,bietet,0.028,8,9
2875,gibt,0.028,5,11
2876,zeigen,0.028,3,3
2877,drei,0.027,4,5
2878,web,0.027,2,2
2879,nutzer,0.027,7,12
2880,schön,0.027,1,1
2881,glück,0.027,1,1
2882,lernt,0.027,1,1
2883,audio,0.027,1,1
2884,fotos,0.027,1,1
2885,genau,0.027,1,1
2886,meine,0.027,1,1
2887,scans,0.027,1,1
2888,netze,0.027,1,1
2889,wählt,0.027,1,1
2890,halte,0.027,1,1
2891,covid,0.027,1,1
2892,proof,0.027,1,1
2893,bitte,0.027,1,1
2894,zeile,0.027,1,1
2895,laden,0.027,1,1
2896,tolle,0.027,1,1
2897,beide,0.027,1,1
2898,datei,0.027,1,1
2899,bills,0.027,1,1
2900,serie,0.027,1,1
2901,treffen,0.027,2,2
2902,auswahl,0.027,2,2
2903,stärker,0.027,2,2
2904,bleiben,0.027,2,2
2905,php,0.027,2,4
2906,ziel,0.027,3,5
2907,konnte,0.027,3,3
2908,min,0.027,3,8
2909,vms,0.027,1,2
2910,ganzen,0.027,1,1
2911,remote,0.027,1,1
2912,nichts,0.027,1,1
2913,befehl,0.027,1,1
2914,kurzem,0.027,1,1
2915,images,0.027,1,1
2916,voraus,0.027,1,1
2917,hybrid,0.027,1,1
2918,vpc,0.027,1,2
2919,levels,0.027,1,1
2920,voller,0.027,1,1
2921,sorgen,0.027,1,1
2922,planen,0.027,1,1
2923,decken,0.027,1,1
2924,laufen,0.027,1,1
2925,carbon,0.027,1,1
2926,picker,0.027,1,1
2927,events,0.027,1,1
2928,chance,0.027,1,1
2929,spitze,0.027,1,1
2930,sowohl,0.027,5,7
2931,läuft,0.026,2,2
2932,hohem,0.026,2,2
2933,ersten,0.026,4,4
2934,erreicht,0.026,5,5
2935,lesezeit,0.026,3,3
2936,true,0.026,5,9
2937,env,0.026,4,8
2938,testen,0.026,6,8
2939,sdk,0.025,2,3
2940,sobald,0.025,1,1
2941,klickt,0.025,1,1
2942,plugin,0.025,1,1
2943,filter,0.025,1,1
2944,inline,0.025,1,1
2945,crm,0.025,1,2
2946,ansatz,0.025,1,1
2947,aufruf,0.025,1,1
2948,claude,0.025,1,1
2949,führen,0.025,1,1
2950,rag,0.025,1,2
2951,exakte,0.025,1,1
2952,create,0.025,1,1
2953,called,0.025,1,1
2954,raw,0.025,1,2
2955,herren,0.025,1,1
2956,würden,0.025,1,1
2957,submit,0.025,1,1
2958,lehrer,0.025,1,1
2959,streak,0.025,1,1
2960,erhalt,0.025,1,1
2961,letzte,0.025,1,1
2962,button,0.025,1,1
2963,inputs,0.025,1,1
2964,ansicht,0.025,2,2
2965,rate,0.025,8,15
2966,liste,0.025,3,3
2967,führt,0.025,4,4
2968,jeden,0.025,5,6
2969,lange,0.025,2,2
2970,regex,0.024,1,1
2971,neigt,0.024,1,1
2972,teuer,0.024,1,1
2973,fehlt,0.024,1,1
2974,notiz,0.024,1,1
2975,passt,0.024,1,1
2976,offen,0.024,1,1
2977,rest,0.024,3,4
2978,june,0.024,1,1
2979,yang,0.024,1,1
2980,ritu,0.024,1,1
2981,vice,0.024,1,1
2982,löst,0.024,1,1
2983,kund,0.024,1,1
2984,dean,0.024,1,1
2985,wahl,0.024,6,7
2986,dies,0.024,4,5
2987,max,0.024,6,10
2988,bevor,0.024,3,3
2989,sendet,0.024,2,2
2990,edtech,0.024,4,5
2991,nah,0.023,1,1
2992,tls,0.023,1,1
2993,sla,0.023,1,1
2994,ideal,0.023,5,5
2995,wählen,0.023,2,2
2996,konto,0.023,1,1
2997,raise,0.023,1,1
2998,logik,0.023,1,1
2999,texts,0.023,1,1
3000,array,0.023,1,1
3001,react,0.023,1,1
3002,redis,0.023,1,1
3003,blick,0.023,1,1
3004,event,0.023,1,1
3005,guide,0.023,9,10
3006,lab,0.022,1,1
3007,built,0.022,1,1
3008,zielt,0.022,1,1
3009,plane,0.022,1,1
3010,pools,0.022,1,1
3011,nodes,0.022,1,1
3012,shell,0.022,1,1
3013,tests,0.022,1,1
3014,suite,0.022,1,1
3015,nativ,0.022,1,1
3016,trust,0.022,1,1
3017,salsa,0.022,1,1
3018,punkt,0.022,1,1
3019,gemäß,0.022,1,1
3020,lösen,0.022,1,1
3021,kreis,0.022,1,1
3022,geben,0.022,1,1
3023,kaum,0.022,2,2
3024,sei,0.022,2,3
3025,thema,0.022,2,2
3026,hohen,0.022,2,2
3027,mühe,0.022,1,1
3028,gebe,0.022,1,1
3029,baby,0.022,1,1
3030,fast,0.022,1,1
3031,fake,0.022,1,1
3032,info,0.022,1,1
3033,demo,0.022,1,1
3034,down,0.022,1,1
3035,deep,0.022,1,1
3036,machen,0.022,2,2
3037,map,0.022,2,4
3038,ende,0.021,4,4
3039,node,0.021,6,14
3040,git,0.021,3,3
3041,code,0.021,8,15
3042,media,0.021,1,1
3043,autor,0.021,1,1
3044,calls,0.021,1,1
3045,berln,0.021,1,1
3046,lengg,0.021,1,1
3047,wohne,0.021,1,1
3048,mails,0.021,1,1
3049,click,0.021,1,1
3050,brevo,0.021,1,1
3051,recht,0.021,1,1
3052,legal,0.021,1,1
3053,frage,0.021,1,1
3054,allen,0.02,2,2
3055,wege,0.02,1,1
3056,500k,0.02,1,1
3057,128k,0.02,1,1
3058,eher,0.02,1,1
3059,20ms,0.02,1,1
3060,sehen,0.019,3,3
3061,sagt,0.019,2,2
3062,länge,0.019,2,2
3063,600ms,0.019,2,2
3064,fazit,0.019,2,2
3065,neu,0.019,7,9
3066,echo,0.018,1,1
3067,site,0.018,1,1
3068,idc,0.018,1,1
3069,pdf,0.018,1,1
3070,zeit,0.018,7,10
3071,logs,0.018,1,1
3072,zero,0.018,1,1
3073,null,0.018,1,1
3074,frei,0.018,1,1
3075,cms,0.018,4,8
3076,fest,0.017,2,2
3077,teams,0.017,3,3
3078,bild,0.017,2,2
3079,java,0.017,3,3
3080,save,0.017,1,1
3081,trim,0.017,1,1
3082,chat,0.017,1,1
3083,test,0.017,1,1
3084,tipp,0.017,1,1
3085,user,0.017,1,1
3086,list,0.017,1,1
3087,satz,0.017,1,1
3088,100k,0.017,1,1
3089,gcp,0.017,2,2
3090,kit,0.016,1,1
3091,gif,0.016,1,1
3092,tab,0.016,1,1
3093,duo,0.016,1,1
3094,ort,0.016,1,1
3095,gar,0.016,1,1
3096,guo,0.016,1,1
3097,news,0.016,2,2
3098,level,0.016,3,3
3099,klar,0.015,2,2
3100,best,0.015,2,2
3101,weg,0.015,2,2
3102,p95,0.015,1,1
3103,5ms,0.015,1,1
3104,push,0.015,2,2
3105,zwei,0.014,7,7
3106,npm,0.014,1,1
3107,pip,0.014,1,1
3108,url,0.014,1,1
3109,hin,0.014,3,4
3110,tau,0.013,1,1
3111,lag,0.013,1,1
3112,zehn,0.013,3,3
3113,märz,0.013,3,3
3114,b2b,0.013,1,1
3115,utf,0.013,1,1
3116,len,0.013,1,1
3117,dom,0.013,1,1
3118,cta,0.013,1,1
3119,cvs,0.013,1,1
3120,roi,0.013,1,1
3121,tag,0.011,3,3
3122,etc,0.011,2,2